"WB_Group_Code","WB_Group_Name","date","source_id","source_name","value"
"BLND","Blend",2016,"IQ.SPI.OVRL","SPI Overall Score",47.82
"BLND","Blend",2016,"IQ.SPI.PIL1","Pillar 1  - Data Use - Score",77.65
"BLND","Blend",2016,"IQ.SPI.PIL2","Pillar 2 - Data Services - Score",25.33
"BLND","Blend",2016,"IQ.SPI.PIL3","Pillar 3 - Data Products - Score",56.33
"BLND","Blend",2016,"IQ.SPI.PIL4","Pillar 4 - Data Sources - Score",42.79
"BLND","Blend",2016,"IQ.SPI.PIL5","Pillar 5 - Data Infrastructure - Score",32.81
"BLND","Blend",2017,"IQ.SPI.OVRL","SPI Overall Score",50.74
"BLND","Blend",2017,"IQ.SPI.PIL1","Pillar 1  - Data Use - Score",75.68
"BLND","Blend",2017,"IQ.SPI.PIL2","Pillar 2 - Data Services - Score",39.64
"BLND","Blend",2017,"IQ.SPI.PIL3","Pillar 3 - Data Products - Score",57.48
"BLND","Blend",2017,"IQ.SPI.PIL4","Pillar 4 - Data Sources - Score",41.5
"BLND","Blend",2017,"IQ.SPI.PIL5","Pillar 5 - Data Infrastructure - Score",34.12
"BLND","Blend",2018,"IQ.SPI.OVRL","SPI Overall Score",53.72
"BLND","Blend",2018,"IQ.SPI.PIL1","Pillar 1  - Data Use - Score",71.56
"BLND","Blend",2018,"IQ.SPI.PIL2","Pillar 2 - Data Services - Score",56.1
"BLND","Blend",2018,"IQ.SPI.PIL3","Pillar 3 - Data Products - Score",56.7
"BLND","Blend",2018,"IQ.SPI.PIL4","Pillar 4 - Data Sources - Score",42.13
"BLND","Blend",2018,"IQ.SPI.PIL5","Pillar 5 - Data Infrastructure - Score",36.18
"BLND","Blend",2019,"IQ.SPI.OVRL","SPI Overall Score",53.7
"BLND","Blend",2019,"IQ.SPI.PIL1","Pillar 1  - Data Use - Score",74.12
"BLND","Blend",2019,"IQ.SPI.PIL2","Pillar 2 - Data Services - Score",54.99
"BLND","Blend",2019,"IQ.SPI.PIL3","Pillar 3 - Data Products - Score",55
"BLND","Blend",2019,"IQ.SPI.PIL4","Pillar 4 - Data Sources - Score",43.35
"BLND","Blend",2019,"IQ.SPI.PIL5","Pillar 5 - Data Infrastructure - Score",35.88
"BLND","Blend",2020,"IQ.SPI.OVRL","SPI Overall Score",54.64
"BLND","Blend",2020,"IQ.SPI.PIL1","Pillar 1  - Data Use - Score",71.76
"BLND","Blend",2020,"IQ.SPI.PIL2","Pillar 2 - Data Services - Score",55.88
"BLND","Blend",2020,"IQ.SPI.PIL3","Pillar 3 - Data Products - Score",64.24
"BLND","Blend",2020,"IQ.SPI.PIL4","Pillar 4 - Data Sources - Score",43.52
"BLND","Blend",2020,"IQ.SPI.PIL5","Pillar 5 - Data Infrastructure - Score",36.76
"BLND","Blend",2021,"IQ.SPI.OVRL","SPI Overall Score",58.96
"BLND","Blend",2021,"IQ.SPI.PIL1","Pillar 1  - Data Use - Score",71.18
"BLND","Blend",2021,"IQ.SPI.PIL2","Pillar 2 - Data Services - Score",57.96
"BLND","Blend",2021,"IQ.SPI.PIL3","Pillar 3 - Data Products - Score",72.68
"BLND","Blend",2021,"IQ.SPI.PIL4","Pillar 4 - Data Sources - Score",44.2
"BLND","Blend",2021,"IQ.SPI.PIL5","Pillar 5 - Data Infrastructure - Score",47.94
"BLND","Blend",2022,"IQ.SPI.OVRL","SPI Overall Score",57.86
"BLND","Blend",2022,"IQ.SPI.PIL1","Pillar 1  - Data Use - Score",71.76
"BLND","Blend",2022,"IQ.SPI.PIL2","Pillar 2 - Data Services - Score",55.83
"BLND","Blend",2022,"IQ.SPI.PIL3","Pillar 3 - Data Products - Score",68.13
"BLND","Blend",2022,"IQ.SPI.PIL4","Pillar 4 - Data Sources - Score",43.89
"BLND","Blend",2022,"IQ.SPI.PIL5","Pillar 5 - Data Infrastructure - Score",49.71
"BLND","Blend",2023,"IQ.SPI.OVRL","SPI Overall Score",59.51
"BLND","Blend",2023,"IQ.SPI.PIL1","Pillar 1  - Data Use - Score",71.76
"BLND","Blend",2023,"IQ.SPI.PIL2","Pillar 2 - Data Services - Score",55.83
"BLND","Blend",2023,"IQ.SPI.PIL3","Pillar 3 - Data Products - Score",71.19
"BLND","Blend",2023,"IQ.SPI.PIL4","Pillar 4 - Data Sources - Score",44.04
"BLND","Blend",2023,"IQ.SPI.PIL5","Pillar 5 - Data Infrastructure - Score",54.71
"BLND","Blend",2024,"IQ.SPI.OVRL","SPI Overall Score",60.69
"BLND","Blend",2024,"IQ.SPI.PIL1","Pillar 1  - Data Use - Score",75.29
"BLND","Blend",2024,"IQ.SPI.PIL2","Pillar 2 - Data Services - Score",58.58
"BLND","Blend",2024,"IQ.SPI.PIL3","Pillar 3 - Data Products - Score",68.18
"BLND","Blend",2024,"IQ.SPI.PIL4","Pillar 4 - Data Sources - Score",45.81
"BLND","Blend",2024,"IQ.SPI.PIL5","Pillar 5 - Data Infrastructure - Score",55.59
"EAS","East Asia & Pacific",2016,"IQ.SPI.OVRL","SPI Overall Score",54.43
"EAS","East Asia & Pacific",2016,"IQ.SPI.PIL1","Pillar 1  - Data Use - Score",69.16
"EAS","East Asia & Pacific",2016,"IQ.SPI.PIL2","Pillar 2 - Data Services - Score",44.32
"EAS","East Asia & Pacific",2016,"IQ.SPI.PIL3","Pillar 3 - Data Products - Score",49.24
"EAS","East Asia & Pacific",2016,"IQ.SPI.PIL4","Pillar 4 - Data Sources - Score",45.98
"EAS","East Asia & Pacific",2016,"IQ.SPI.PIL5","Pillar 5 - Data Infrastructure - Score",38.04
"EAS","East Asia & Pacific",2017,"IQ.SPI.OVRL","SPI Overall Score",57.49
"EAS","East Asia & Pacific",2017,"IQ.SPI.PIL1","Pillar 1  - Data Use - Score",70.37
"EAS","East Asia & Pacific",2017,"IQ.SPI.PIL2","Pillar 2 - Data Services - Score",54.36
"EAS","East Asia & Pacific",2017,"IQ.SPI.PIL3","Pillar 3 - Data Products - Score",50.62
"EAS","East Asia & Pacific",2017,"IQ.SPI.PIL4","Pillar 4 - Data Sources - Score",45.49
"EAS","East Asia & Pacific",2017,"IQ.SPI.PIL5","Pillar 5 - Data Infrastructure - Score",40.86
"EAS","East Asia & Pacific",2018,"IQ.SPI.OVRL","SPI Overall Score",60.27
"EAS","East Asia & Pacific",2018,"IQ.SPI.PIL1","Pillar 1  - Data Use - Score",69.63
"EAS","East Asia & Pacific",2018,"IQ.SPI.PIL2","Pillar 2 - Data Services - Score",66.36
"EAS","East Asia & Pacific",2018,"IQ.SPI.PIL3","Pillar 3 - Data Products - Score",50.29
"EAS","East Asia & Pacific",2018,"IQ.SPI.PIL4","Pillar 4 - Data Sources - Score",45.49
"EAS","East Asia & Pacific",2018,"IQ.SPI.PIL5","Pillar 5 - Data Infrastructure - Score",42.76
"EAS","East Asia & Pacific",2019,"IQ.SPI.OVRL","SPI Overall Score",60.56
"EAS","East Asia & Pacific",2019,"IQ.SPI.PIL1","Pillar 1  - Data Use - Score",70.65
"EAS","East Asia & Pacific",2019,"IQ.SPI.PIL2","Pillar 2 - Data Services - Score",67.05
"EAS","East Asia & Pacific",2019,"IQ.SPI.PIL3","Pillar 3 - Data Products - Score",49.16
"EAS","East Asia & Pacific",2019,"IQ.SPI.PIL4","Pillar 4 - Data Sources - Score",46.47
"EAS","East Asia & Pacific",2019,"IQ.SPI.PIL5","Pillar 5 - Data Infrastructure - Score",44.48
"EAS","East Asia & Pacific",2020,"IQ.SPI.OVRL","SPI Overall Score",62.45
"EAS","East Asia & Pacific",2020,"IQ.SPI.PIL1","Pillar 1  - Data Use - Score",69.91
"EAS","East Asia & Pacific",2020,"IQ.SPI.PIL2","Pillar 2 - Data Services - Score",71.17
"EAS","East Asia & Pacific",2020,"IQ.SPI.PIL3","Pillar 3 - Data Products - Score",58.26
"EAS","East Asia & Pacific",2020,"IQ.SPI.PIL4","Pillar 4 - Data Sources - Score",46.99
"EAS","East Asia & Pacific",2020,"IQ.SPI.PIL5","Pillar 5 - Data Infrastructure - Score",44.48
"EAS","East Asia & Pacific",2021,"IQ.SPI.OVRL","SPI Overall Score",66.59
"EAS","East Asia & Pacific",2021,"IQ.SPI.PIL1","Pillar 1  - Data Use - Score",69.07
"EAS","East Asia & Pacific",2021,"IQ.SPI.PIL2","Pillar 2 - Data Services - Score",72.4
"EAS","East Asia & Pacific",2021,"IQ.SPI.PIL3","Pillar 3 - Data Products - Score",65.94
"EAS","East Asia & Pacific",2021,"IQ.SPI.PIL4","Pillar 4 - Data Sources - Score",51.98
"EAS","East Asia & Pacific",2021,"IQ.SPI.PIL5","Pillar 5 - Data Infrastructure - Score",51.72
"EAS","East Asia & Pacific",2022,"IQ.SPI.OVRL","SPI Overall Score",64.35
"EAS","East Asia & Pacific",2022,"IQ.SPI.PIL1","Pillar 1  - Data Use - Score",67.41
"EAS","East Asia & Pacific",2022,"IQ.SPI.PIL2","Pillar 2 - Data Services - Score",71.19
"EAS","East Asia & Pacific",2022,"IQ.SPI.PIL3","Pillar 3 - Data Products - Score",62.22
"EAS","East Asia & Pacific",2022,"IQ.SPI.PIL4","Pillar 4 - Data Sources - Score",52.71
"EAS","East Asia & Pacific",2022,"IQ.SPI.PIL5","Pillar 5 - Data Infrastructure - Score",53.1
"EAS","East Asia & Pacific",2023,"IQ.SPI.OVRL","SPI Overall Score",65.97
"EAS","East Asia & Pacific",2023,"IQ.SPI.PIL1","Pillar 1  - Data Use - Score",68.33
"EAS","East Asia & Pacific",2023,"IQ.SPI.PIL2","Pillar 2 - Data Services - Score",71.19
"EAS","East Asia & Pacific",2023,"IQ.SPI.PIL3","Pillar 3 - Data Products - Score",65.88
"EAS","East Asia & Pacific",2023,"IQ.SPI.PIL4","Pillar 4 - Data Sources - Score",53
"EAS","East Asia & Pacific",2023,"IQ.SPI.PIL5","Pillar 5 - Data Infrastructure - Score",56.72
"EAS","East Asia & Pacific",2024,"IQ.SPI.OVRL","SPI Overall Score",66.6
"EAS","East Asia & Pacific",2024,"IQ.SPI.PIL1","Pillar 1  - Data Use - Score",69.44
"EAS","East Asia & Pacific",2024,"IQ.SPI.PIL2","Pillar 2 - Data Services - Score",72.96
"EAS","East Asia & Pacific",2024,"IQ.SPI.PIL3","Pillar 3 - Data Products - Score",63.86
"EAS","East Asia & Pacific",2024,"IQ.SPI.PIL4","Pillar 4 - Data Sources - Score",54.75
"EAS","East Asia & Pacific",2024,"IQ.SPI.PIL5","Pillar 5 - Data Infrastructure - Score",57.24
"ECS","Europe & Central Asia",2016,"IQ.SPI.OVRL","SPI Overall Score",73.74
"ECS","Europe & Central Asia",2016,"IQ.SPI.PIL1","Pillar 1  - Data Use - Score",84.76
"ECS","Europe & Central Asia",2016,"IQ.SPI.PIL2","Pillar 2 - Data Services - Score",62.99
"ECS","Europe & Central Asia",2016,"IQ.SPI.PIL3","Pillar 3 - Data Products - Score",56.97
"ECS","Europe & Central Asia",2016,"IQ.SPI.PIL4","Pillar 4 - Data Sources - Score",65.91
"ECS","Europe & Central Asia",2016,"IQ.SPI.PIL5","Pillar 5 - Data Infrastructure - Score",82.45
"ECS","Europe & Central Asia",2017,"IQ.SPI.OVRL","SPI Overall Score",75.27
"ECS","Europe & Central Asia",2017,"IQ.SPI.PIL1","Pillar 1  - Data Use - Score",86.43
"ECS","Europe & Central Asia",2017,"IQ.SPI.PIL2","Pillar 2 - Data Services - Score",65.53
"ECS","Europe & Central Asia",2017,"IQ.SPI.PIL3","Pillar 3 - Data Products - Score",61.2
"ECS","Europe & Central Asia",2017,"IQ.SPI.PIL4","Pillar 4 - Data Sources - Score",63.81
"ECS","Europe & Central Asia",2017,"IQ.SPI.PIL5","Pillar 5 - Data Infrastructure - Score",83.16
"ECS","Europe & Central Asia",2018,"IQ.SPI.OVRL","SPI Overall Score",78.75
"ECS","Europe & Central Asia",2018,"IQ.SPI.PIL1","Pillar 1  - Data Use - Score",86.79
"ECS","Europe & Central Asia",2018,"IQ.SPI.PIL2","Pillar 2 - Data Services - Score",81.24
"ECS","Europe & Central Asia",2018,"IQ.SPI.PIL3","Pillar 3 - Data Products - Score",61.68
"ECS","Europe & Central Asia",2018,"IQ.SPI.PIL4","Pillar 4 - Data Sources - Score",64.34
"ECS","Europe & Central Asia",2018,"IQ.SPI.PIL5","Pillar 5 - Data Infrastructure - Score",83.88
"ECS","Europe & Central Asia",2019,"IQ.SPI.OVRL","SPI Overall Score",79.43
"ECS","Europe & Central Asia",2019,"IQ.SPI.PIL1","Pillar 1  - Data Use - Score",86.96
"ECS","Europe & Central Asia",2019,"IQ.SPI.PIL2","Pillar 2 - Data Services - Score",81.59
"ECS","Europe & Central Asia",2019,"IQ.SPI.PIL3","Pillar 3 - Data Products - Score",60.93
"ECS","Europe & Central Asia",2019,"IQ.SPI.PIL4","Pillar 4 - Data Sources - Score",65.15
"ECS","Europe & Central Asia",2019,"IQ.SPI.PIL5","Pillar 5 - Data Infrastructure - Score",86.73
"ECS","Europe & Central Asia",2020,"IQ.SPI.OVRL","SPI Overall Score",81.34
"ECS","Europe & Central Asia",2020,"IQ.SPI.PIL1","Pillar 1  - Data Use - Score",86.43
"ECS","Europe & Central Asia",2020,"IQ.SPI.PIL2","Pillar 2 - Data Services - Score",82.78
"ECS","Europe & Central Asia",2020,"IQ.SPI.PIL3","Pillar 3 - Data Products - Score",66.4
"ECS","Europe & Central Asia",2020,"IQ.SPI.PIL4","Pillar 4 - Data Sources - Score",66.81
"ECS","Europe & Central Asia",2020,"IQ.SPI.PIL5","Pillar 5 - Data Infrastructure - Score",86.5
"ECS","Europe & Central Asia",2021,"IQ.SPI.OVRL","SPI Overall Score",85.29
"ECS","Europe & Central Asia",2021,"IQ.SPI.PIL1","Pillar 1  - Data Use - Score",86.43
"ECS","Europe & Central Asia",2021,"IQ.SPI.PIL2","Pillar 2 - Data Services - Score",83.46
"ECS","Europe & Central Asia",2021,"IQ.SPI.PIL3","Pillar 3 - Data Products - Score",76.2
"ECS","Europe & Central Asia",2021,"IQ.SPI.PIL4","Pillar 4 - Data Sources - Score",74.98
"ECS","Europe & Central Asia",2021,"IQ.SPI.PIL5","Pillar 5 - Data Infrastructure - Score",87.1
"ECS","Europe & Central Asia",2022,"IQ.SPI.OVRL","SPI Overall Score",83.83
"ECS","Europe & Central Asia",2022,"IQ.SPI.PIL1","Pillar 1  - Data Use - Score",87.38
"ECS","Europe & Central Asia",2022,"IQ.SPI.PIL2","Pillar 2 - Data Services - Score",83.73
"ECS","Europe & Central Asia",2022,"IQ.SPI.PIL3","Pillar 3 - Data Products - Score",71.44
"ECS","Europe & Central Asia",2022,"IQ.SPI.PIL4","Pillar 4 - Data Sources - Score",74.46
"ECS","Europe & Central Asia",2022,"IQ.SPI.PIL5","Pillar 5 - Data Infrastructure - Score",87.2
"ECS","Europe & Central Asia",2023,"IQ.SPI.OVRL","SPI Overall Score",84.82
"ECS","Europe & Central Asia",2023,"IQ.SPI.PIL1","Pillar 1  - Data Use - Score",86.66
"ECS","Europe & Central Asia",2023,"IQ.SPI.PIL2","Pillar 2 - Data Services - Score",81.06
"ECS","Europe & Central Asia",2023,"IQ.SPI.PIL3","Pillar 3 - Data Products - Score",77.79
"ECS","Europe & Central Asia",2023,"IQ.SPI.PIL4","Pillar 4 - Data Sources - Score",74.71
"ECS","Europe & Central Asia",2023,"IQ.SPI.PIL5","Pillar 5 - Data Infrastructure - Score",88.7
"ECS","Europe & Central Asia",2024,"IQ.SPI.OVRL","SPI Overall Score",83.25
"ECS","Europe & Central Asia",2024,"IQ.SPI.PIL1","Pillar 1  - Data Use - Score",88.09
"ECS","Europe & Central Asia",2024,"IQ.SPI.PIL2","Pillar 2 - Data Services - Score",82.69
"ECS","Europe & Central Asia",2024,"IQ.SPI.PIL3","Pillar 3 - Data Products - Score",75.24
"ECS","Europe & Central Asia",2024,"IQ.SPI.PIL4","Pillar 4 - Data Sources - Score",75.7
"ECS","Europe & Central Asia",2024,"IQ.SPI.PIL5","Pillar 5 - Data Infrastructure - Score",80.2
"HIC","High income",2016,"IQ.SPI.OVRL","SPI Overall Score",72.21
"HIC","High income",2016,"IQ.SPI.PIL1","Pillar 1  - Data Use - Score",75.12
"HIC","High income",2016,"IQ.SPI.PIL2","Pillar 2 - Data Services - Score",62.5
"HIC","High income",2016,"IQ.SPI.PIL3","Pillar 3 - Data Products - Score",46.4
"HIC","High income",2016,"IQ.SPI.PIL4","Pillar 4 - Data Sources - Score",67.03
"HIC","High income",2016,"IQ.SPI.PIL5","Pillar 5 - Data Infrastructure - Score",72.8
"HIC","High income",2017,"IQ.SPI.OVRL","SPI Overall Score",73.57
"HIC","High income",2017,"IQ.SPI.PIL1","Pillar 1  - Data Use - Score",75.04
"HIC","High income",2017,"IQ.SPI.PIL2","Pillar 2 - Data Services - Score",67.13
"HIC","High income",2017,"IQ.SPI.PIL3","Pillar 3 - Data Products - Score",49.69
"HIC","High income",2017,"IQ.SPI.PIL4","Pillar 4 - Data Sources - Score",65.59
"HIC","High income",2017,"IQ.SPI.PIL5","Pillar 5 - Data Infrastructure - Score",73.08
"HIC","High income",2018,"IQ.SPI.OVRL","SPI Overall Score",77.24
"HIC","High income",2018,"IQ.SPI.PIL1","Pillar 1  - Data Use - Score",76.38
"HIC","High income",2018,"IQ.SPI.PIL2","Pillar 2 - Data Services - Score",82.42
"HIC","High income",2018,"IQ.SPI.PIL3","Pillar 3 - Data Products - Score",49.44
"HIC","High income",2018,"IQ.SPI.PIL4","Pillar 4 - Data Sources - Score",66.41
"HIC","High income",2018,"IQ.SPI.PIL5","Pillar 5 - Data Infrastructure - Score",73.83
"HIC","High income",2019,"IQ.SPI.OVRL","SPI Overall Score",77.7
"HIC","High income",2019,"IQ.SPI.PIL1","Pillar 1  - Data Use - Score",76.75
"HIC","High income",2019,"IQ.SPI.PIL2","Pillar 2 - Data Services - Score",81.79
"HIC","High income",2019,"IQ.SPI.PIL3","Pillar 3 - Data Products - Score",48.85
"HIC","High income",2019,"IQ.SPI.PIL4","Pillar 4 - Data Sources - Score",67.37
"HIC","High income",2019,"IQ.SPI.PIL5","Pillar 5 - Data Infrastructure - Score",76.58
"HIC","High income",2020,"IQ.SPI.OVRL","SPI Overall Score",76.95
"HIC","High income",2020,"IQ.SPI.PIL1","Pillar 1  - Data Use - Score",76.02
"HIC","High income",2020,"IQ.SPI.PIL2","Pillar 2 - Data Services - Score",80.13
"HIC","High income",2020,"IQ.SPI.PIL3","Pillar 3 - Data Products - Score",54.77
"HIC","High income",2020,"IQ.SPI.PIL4","Pillar 4 - Data Sources - Score",67.03
"HIC","High income",2020,"IQ.SPI.PIL5","Pillar 5 - Data Infrastructure - Score",76.39
"HIC","High income",2021,"IQ.SPI.OVRL","SPI Overall Score",81.48
"HIC","High income",2021,"IQ.SPI.PIL1","Pillar 1  - Data Use - Score",75.29
"HIC","High income",2021,"IQ.SPI.PIL2","Pillar 2 - Data Services - Score",82.43
"HIC","High income",2021,"IQ.SPI.PIL3","Pillar 3 - Data Products - Score",63.33
"HIC","High income",2021,"IQ.SPI.PIL4","Pillar 4 - Data Sources - Score",74.05
"HIC","High income",2021,"IQ.SPI.PIL5","Pillar 5 - Data Infrastructure - Score",80.33
"HIC","High income",2022,"IQ.SPI.OVRL","SPI Overall Score",79.51
"HIC","High income",2022,"IQ.SPI.PIL1","Pillar 1  - Data Use - Score",76.75
"HIC","High income",2022,"IQ.SPI.PIL2","Pillar 2 - Data Services - Score",81.9
"HIC","High income",2022,"IQ.SPI.PIL3","Pillar 3 - Data Products - Score",59.44
"HIC","High income",2022,"IQ.SPI.PIL4","Pillar 4 - Data Sources - Score",72.93
"HIC","High income",2022,"IQ.SPI.PIL5","Pillar 5 - Data Infrastructure - Score",80.82
"HIC","High income",2023,"IQ.SPI.OVRL","SPI Overall Score",81.2
"HIC","High income",2023,"IQ.SPI.PIL1","Pillar 1  - Data Use - Score",76.67
"HIC","High income",2023,"IQ.SPI.PIL2","Pillar 2 - Data Services - Score",80.8
"HIC","High income",2023,"IQ.SPI.PIL3","Pillar 3 - Data Products - Score",65.28
"HIC","High income",2023,"IQ.SPI.PIL4","Pillar 4 - Data Sources - Score",73.24
"HIC","High income",2023,"IQ.SPI.PIL5","Pillar 5 - Data Infrastructure - Score",83.44
"HIC","High income",2024,"IQ.SPI.OVRL","SPI Overall Score",80.21
"HIC","High income",2024,"IQ.SPI.PIL1","Pillar 1  - Data Use - Score",78.13
"HIC","High income",2024,"IQ.SPI.PIL2","Pillar 2 - Data Services - Score",82.13
"HIC","High income",2024,"IQ.SPI.PIL3","Pillar 3 - Data Products - Score",63.94
"HIC","High income",2024,"IQ.SPI.PIL4","Pillar 4 - Data Sources - Score",74.7
"HIC","High income",2024,"IQ.SPI.PIL5","Pillar 5 - Data Infrastructure - Score",75.82
"IBRD","IBRD",2016,"IQ.SPI.OVRL","SPI Overall Score",60.59
"IBRD","IBRD",2016,"IQ.SPI.PIL1","Pillar 1  - Data Use - Score",81.39
"IBRD","IBRD",2016,"IQ.SPI.PIL2","Pillar 2 - Data Services - Score",50.16
"IBRD","IBRD",2016,"IQ.SPI.PIL3","Pillar 3 - Data Products - Score",62.43
"IBRD","IBRD",2016,"IQ.SPI.PIL4","Pillar 4 - Data Sources - Score",55.32
"IBRD","IBRD",2016,"IQ.SPI.PIL5","Pillar 5 - Data Infrastructure - Score",45.38
"IBRD","IBRD",2017,"IQ.SPI.OVRL","SPI Overall Score",62.79
"IBRD","IBRD",2017,"IQ.SPI.PIL1","Pillar 1  - Data Use - Score",81.69
"IBRD","IBRD",2017,"IQ.SPI.PIL2","Pillar 2 - Data Services - Score",59.25
"IBRD","IBRD",2017,"IQ.SPI.PIL3","Pillar 3 - Data Products - Score",63.66
"IBRD","IBRD",2017,"IQ.SPI.PIL4","Pillar 4 - Data Sources - Score",53.99
"IBRD","IBRD",2017,"IQ.SPI.PIL5","Pillar 5 - Data Infrastructure - Score",46.94
"IBRD","IBRD",2018,"IQ.SPI.OVRL","SPI Overall Score",65.39
"IBRD","IBRD",2018,"IQ.SPI.PIL1","Pillar 1  - Data Use - Score",81.64
"IBRD","IBRD",2018,"IQ.SPI.PIL2","Pillar 2 - Data Services - Score",70.24
"IBRD","IBRD",2018,"IQ.SPI.PIL3","Pillar 3 - Data Products - Score",63.97
"IBRD","IBRD",2018,"IQ.SPI.PIL4","Pillar 4 - Data Sources - Score",54.58
"IBRD","IBRD",2018,"IQ.SPI.PIL5","Pillar 5 - Data Infrastructure - Score",48.21
"IBRD","IBRD",2019,"IQ.SPI.OVRL","SPI Overall Score",66.19
"IBRD","IBRD",2019,"IQ.SPI.PIL1","Pillar 1  - Data Use - Score",82.04
"IBRD","IBRD",2019,"IQ.SPI.PIL2","Pillar 2 - Data Services - Score",69.69
"IBRD","IBRD",2019,"IQ.SPI.PIL3","Pillar 3 - Data Products - Score",62.87
"IBRD","IBRD",2019,"IQ.SPI.PIL4","Pillar 4 - Data Sources - Score",55.1
"IBRD","IBRD",2019,"IQ.SPI.PIL5","Pillar 5 - Data Infrastructure - Score",52.76
"IBRD","IBRD",2020,"IQ.SPI.OVRL","SPI Overall Score",66.85
"IBRD","IBRD",2020,"IQ.SPI.PIL1","Pillar 1  - Data Use - Score",81.14
"IBRD","IBRD",2020,"IQ.SPI.PIL2","Pillar 2 - Data Services - Score",69.32
"IBRD","IBRD",2020,"IQ.SPI.PIL3","Pillar 3 - Data Products - Score",70.11
"IBRD","IBRD",2020,"IQ.SPI.PIL4","Pillar 4 - Data Sources - Score",56.94
"IBRD","IBRD",2020,"IQ.SPI.PIL5","Pillar 5 - Data Infrastructure - Score",54.48
"IBRD","IBRD",2021,"IQ.SPI.OVRL","SPI Overall Score",71.42
"IBRD","IBRD",2021,"IQ.SPI.PIL1","Pillar 1  - Data Use - Score",79.8
"IBRD","IBRD",2021,"IQ.SPI.PIL2","Pillar 2 - Data Services - Score",72.39
"IBRD","IBRD",2021,"IQ.SPI.PIL3","Pillar 3 - Data Products - Score",79.21
"IBRD","IBRD",2021,"IQ.SPI.PIL4","Pillar 4 - Data Sources - Score",62.06
"IBRD","IBRD",2021,"IQ.SPI.PIL5","Pillar 5 - Data Infrastructure - Score",61.49
"IBRD","IBRD",2022,"IQ.SPI.OVRL","SPI Overall Score",70.22
"IBRD","IBRD",2022,"IQ.SPI.PIL1","Pillar 1  - Data Use - Score",81.44
"IBRD","IBRD",2022,"IQ.SPI.PIL2","Pillar 2 - Data Services - Score",72.16
"IBRD","IBRD",2022,"IQ.SPI.PIL3","Pillar 3 - Data Products - Score",74.29
"IBRD","IBRD",2022,"IQ.SPI.PIL4","Pillar 4 - Data Sources - Score",60.82
"IBRD","IBRD",2022,"IQ.SPI.PIL5","Pillar 5 - Data Infrastructure - Score",62.39
"IBRD","IBRD",2023,"IQ.SPI.OVRL","SPI Overall Score",71.3
"IBRD","IBRD",2023,"IQ.SPI.PIL1","Pillar 1  - Data Use - Score",80.64
"IBRD","IBRD",2023,"IQ.SPI.PIL2","Pillar 2 - Data Services - Score",71.16
"IBRD","IBRD",2023,"IQ.SPI.PIL3","Pillar 3 - Data Products - Score",77.26
"IBRD","IBRD",2023,"IQ.SPI.PIL4","Pillar 4 - Data Sources - Score",61.12
"IBRD","IBRD",2023,"IQ.SPI.PIL5","Pillar 5 - Data Infrastructure - Score",66.34
"IBRD","IBRD",2024,"IQ.SPI.OVRL","SPI Overall Score",71.76
"IBRD","IBRD",2024,"IQ.SPI.PIL1","Pillar 1  - Data Use - Score",81.69
"IBRD","IBRD",2024,"IQ.SPI.PIL2","Pillar 2 - Data Services - Score",72.9
"IBRD","IBRD",2024,"IQ.SPI.PIL3","Pillar 3 - Data Products - Score",74.82
"IBRD","IBRD",2024,"IQ.SPI.PIL4","Pillar 4 - Data Sources - Score",62.29
"IBRD","IBRD",2024,"IQ.SPI.PIL5","Pillar 5 - Data Infrastructure - Score",67.09
"IDA","IDA",2016,"IQ.SPI.OVRL","SPI Overall Score",46.45
"IDA","IDA",2016,"IQ.SPI.PIL1","Pillar 1  - Data Use - Score",71.22
"IDA","IDA",2016,"IQ.SPI.PIL2","Pillar 2 - Data Services - Score",33.04
"IDA","IDA",2016,"IQ.SPI.PIL3","Pillar 3 - Data Products - Score",58.28
"IDA","IDA",2016,"IQ.SPI.PIL4","Pillar 4 - Data Sources - Score",34.96
"IDA","IDA",2016,"IQ.SPI.PIL5","Pillar 5 - Data Infrastructure - Score",27.55
"IDA","IDA",2017,"IQ.SPI.OVRL","SPI Overall Score",49.15
"IDA","IDA",2017,"IQ.SPI.PIL1","Pillar 1  - Data Use - Score",72.86
"IDA","IDA",2017,"IQ.SPI.PIL2","Pillar 2 - Data Services - Score",46.05
"IDA","IDA",2017,"IQ.SPI.PIL3","Pillar 3 - Data Products - Score",59.83
"IDA","IDA",2017,"IQ.SPI.PIL4","Pillar 4 - Data Sources - Score",33.8
"IDA","IDA",2017,"IQ.SPI.PIL5","Pillar 5 - Data Infrastructure - Score",28.86
"IDA","IDA",2018,"IQ.SPI.OVRL","SPI Overall Score",50.69
"IDA","IDA",2018,"IQ.SPI.PIL1","Pillar 1  - Data Use - Score",72.04
"IDA","IDA",2018,"IQ.SPI.PIL2","Pillar 2 - Data Services - Score",54.71
"IDA","IDA",2018,"IQ.SPI.PIL3","Pillar 3 - Data Products - Score",58.98
"IDA","IDA",2018,"IQ.SPI.PIL4","Pillar 4 - Data Sources - Score",34.93
"IDA","IDA",2018,"IQ.SPI.PIL5","Pillar 5 - Data Infrastructure - Score",28.86
"IDA","IDA",2019,"IQ.SPI.OVRL","SPI Overall Score",50.67
"IDA","IDA",2019,"IQ.SPI.PIL1","Pillar 1  - Data Use - Score",72.39
"IDA","IDA",2019,"IQ.SPI.PIL2","Pillar 2 - Data Services - Score",53.75
"IDA","IDA",2019,"IQ.SPI.PIL3","Pillar 3 - Data Products - Score",57.18
"IDA","IDA",2019,"IQ.SPI.PIL4","Pillar 4 - Data Sources - Score",35.01
"IDA","IDA",2019,"IQ.SPI.PIL5","Pillar 5 - Data Infrastructure - Score",31.84
"IDA","IDA",2020,"IQ.SPI.OVRL","SPI Overall Score",52.74
"IDA","IDA",2020,"IQ.SPI.PIL1","Pillar 1  - Data Use - Score",68.06
"IDA","IDA",2020,"IQ.SPI.PIL2","Pillar 2 - Data Services - Score",58.39
"IDA","IDA",2020,"IQ.SPI.PIL3","Pillar 3 - Data Products - Score",66.91
"IDA","IDA",2020,"IQ.SPI.PIL4","Pillar 4 - Data Sources - Score",34.76
"IDA","IDA",2020,"IQ.SPI.PIL5","Pillar 5 - Data Infrastructure - Score",32.46
"IDA","IDA",2021,"IQ.SPI.OVRL","SPI Overall Score",57.93
"IDA","IDA",2021,"IQ.SPI.PIL1","Pillar 1  - Data Use - Score",69.11
"IDA","IDA",2021,"IQ.SPI.PIL2","Pillar 2 - Data Services - Score",59.65
"IDA","IDA",2021,"IQ.SPI.PIL3","Pillar 3 - Data Products - Score",75.45
"IDA","IDA",2021,"IQ.SPI.PIL4","Pillar 4 - Data Sources - Score",37.2
"IDA","IDA",2021,"IQ.SPI.PIL5","Pillar 5 - Data Infrastructure - Score",44.74
"IDA","IDA",2022,"IQ.SPI.OVRL","SPI Overall Score",56.65
"IDA","IDA",2022,"IQ.SPI.PIL1","Pillar 1  - Data Use - Score",69.59
"IDA","IDA",2022,"IQ.SPI.PIL2","Pillar 2 - Data Services - Score",59.4
"IDA","IDA",2022,"IQ.SPI.PIL3","Pillar 3 - Data Products - Score",69.27
"IDA","IDA",2022,"IQ.SPI.PIL4","Pillar 4 - Data Sources - Score",38.38
"IDA","IDA",2022,"IQ.SPI.PIL5","Pillar 5 - Data Infrastructure - Score",45.35
"IDA","IDA",2023,"IQ.SPI.OVRL","SPI Overall Score",57.33
"IDA","IDA",2023,"IQ.SPI.PIL1","Pillar 1  - Data Use - Score",68.24
"IDA","IDA",2023,"IQ.SPI.PIL2","Pillar 2 - Data Services - Score",56.37
"IDA","IDA",2023,"IQ.SPI.PIL3","Pillar 3 - Data Products - Score",72.38
"IDA","IDA",2023,"IQ.SPI.PIL4","Pillar 4 - Data Sources - Score",38.52
"IDA","IDA",2023,"IQ.SPI.PIL5","Pillar 5 - Data Infrastructure - Score",50
"IDA","IDA",2024,"IQ.SPI.OVRL","SPI Overall Score",57.73
"IDA","IDA",2024,"IQ.SPI.PIL1","Pillar 1  - Data Use - Score",67.71
"IDA","IDA",2024,"IQ.SPI.PIL2","Pillar 2 - Data Services - Score",59.92
"IDA","IDA",2024,"IQ.SPI.PIL3","Pillar 3 - Data Products - Score",68.58
"IDA","IDA",2024,"IQ.SPI.PIL4","Pillar 4 - Data Sources - Score",39.4
"IDA","IDA",2024,"IQ.SPI.PIL5","Pillar 5 - Data Infrastructure - Score",51.67
"LCN","Latin America & Caribbean",2016,"IQ.SPI.OVRL","SPI Overall Score",56.84
"LCN","Latin America & Caribbean",2016,"IQ.SPI.PIL1","Pillar 1  - Data Use - Score",73
"LCN","Latin America & Caribbean",2016,"IQ.SPI.PIL2","Pillar 2 - Data Services - Score",43.78
"LCN","Latin America & Caribbean",2016,"IQ.SPI.PIL3","Pillar 3 - Data Products - Score",52.8
"LCN","Latin America & Caribbean",2016,"IQ.SPI.PIL4","Pillar 4 - Data Sources - Score",52.02
"LCN","Latin America & Caribbean",2016,"IQ.SPI.PIL5","Pillar 5 - Data Infrastructure - Score",37.5
"LCN","Latin America & Caribbean",2017,"IQ.SPI.OVRL","SPI Overall Score",59.3
"LCN","Latin America & Caribbean",2017,"IQ.SPI.PIL1","Pillar 1  - Data Use - Score",71.5
"LCN","Latin America & Caribbean",2017,"IQ.SPI.PIL2","Pillar 2 - Data Services - Score",57.02
"LCN","Latin America & Caribbean",2017,"IQ.SPI.PIL3","Pillar 3 - Data Products - Score",53.59
"LCN","Latin America & Caribbean",2017,"IQ.SPI.PIL4","Pillar 4 - Data Sources - Score",50.35
"LCN","Latin America & Caribbean",2017,"IQ.SPI.PIL5","Pillar 5 - Data Infrastructure - Score",36.56
"LCN","Latin America & Caribbean",2018,"IQ.SPI.OVRL","SPI Overall Score",61.87
"LCN","Latin America & Caribbean",2018,"IQ.SPI.PIL1","Pillar 1  - Data Use - Score",70.67
"LCN","Latin America & Caribbean",2018,"IQ.SPI.PIL2","Pillar 2 - Data Services - Score",70.14
"LCN","Latin America & Caribbean",2018,"IQ.SPI.PIL3","Pillar 3 - Data Products - Score",52.74
"LCN","Latin America & Caribbean",2018,"IQ.SPI.PIL4","Pillar 4 - Data Sources - Score",51.59
"LCN","Latin America & Caribbean",2018,"IQ.SPI.PIL5","Pillar 5 - Data Infrastructure - Score",37.19
"LCN","Latin America & Caribbean",2019,"IQ.SPI.OVRL","SPI Overall Score",61.68
"LCN","Latin America & Caribbean",2019,"IQ.SPI.PIL1","Pillar 1  - Data Use - Score",71.42
"LCN","Latin America & Caribbean",2019,"IQ.SPI.PIL2","Pillar 2 - Data Services - Score",66.44
"LCN","Latin America & Caribbean",2019,"IQ.SPI.PIL3","Pillar 3 - Data Products - Score",51.12
"LCN","Latin America & Caribbean",2019,"IQ.SPI.PIL4","Pillar 4 - Data Sources - Score",51.43
"LCN","Latin America & Caribbean",2019,"IQ.SPI.PIL5","Pillar 5 - Data Infrastructure - Score",41.56
"LCN","Latin America & Caribbean",2020,"IQ.SPI.OVRL","SPI Overall Score",61.14
"LCN","Latin America & Caribbean",2020,"IQ.SPI.PIL1","Pillar 1  - Data Use - Score",69.08
"LCN","Latin America & Caribbean",2020,"IQ.SPI.PIL2","Pillar 2 - Data Services - Score",64.51
"LCN","Latin America & Caribbean",2020,"IQ.SPI.PIL3","Pillar 3 - Data Products - Score",58.52
"LCN","Latin America & Caribbean",2020,"IQ.SPI.PIL4","Pillar 4 - Data Sources - Score",52.53
"LCN","Latin America & Caribbean",2020,"IQ.SPI.PIL5","Pillar 5 - Data Infrastructure - Score",43.91
"LCN","Latin America & Caribbean",2021,"IQ.SPI.OVRL","SPI Overall Score",66.26
"LCN","Latin America & Caribbean",2021,"IQ.SPI.PIL1","Pillar 1  - Data Use - Score",67.83
"LCN","Latin America & Caribbean",2021,"IQ.SPI.PIL2","Pillar 2 - Data Services - Score",66.74
"LCN","Latin America & Caribbean",2021,"IQ.SPI.PIL3","Pillar 3 - Data Products - Score",66.32
"LCN","Latin America & Caribbean",2021,"IQ.SPI.PIL4","Pillar 4 - Data Sources - Score",56.47
"LCN","Latin America & Caribbean",2021,"IQ.SPI.PIL5","Pillar 5 - Data Infrastructure - Score",55.47
"LCN","Latin America & Caribbean",2022,"IQ.SPI.OVRL","SPI Overall Score",65.03
"LCN","Latin America & Caribbean",2022,"IQ.SPI.PIL1","Pillar 1  - Data Use - Score",70.75
"LCN","Latin America & Caribbean",2022,"IQ.SPI.PIL2","Pillar 2 - Data Services - Score",65.29
"LCN","Latin America & Caribbean",2022,"IQ.SPI.PIL3","Pillar 3 - Data Products - Score",61.72
"LCN","Latin America & Caribbean",2022,"IQ.SPI.PIL4","Pillar 4 - Data Sources - Score",55.57
"LCN","Latin America & Caribbean",2022,"IQ.SPI.PIL5","Pillar 5 - Data Infrastructure - Score",56.09
"LCN","Latin America & Caribbean",2023,"IQ.SPI.OVRL","SPI Overall Score",65.95
"LCN","Latin America & Caribbean",2023,"IQ.SPI.PIL1","Pillar 1  - Data Use - Score",70.25
"LCN","Latin America & Caribbean",2023,"IQ.SPI.PIL2","Pillar 2 - Data Services - Score",64.25
"LCN","Latin America & Caribbean",2023,"IQ.SPI.PIL3","Pillar 3 - Data Products - Score",64.09
"LCN","Latin America & Caribbean",2023,"IQ.SPI.PIL4","Pillar 4 - Data Sources - Score",55.62
"LCN","Latin America & Caribbean",2023,"IQ.SPI.PIL5","Pillar 5 - Data Infrastructure - Score",59.84
"LCN","Latin America & Caribbean",2024,"IQ.SPI.OVRL","SPI Overall Score",67.17
"LCN","Latin America & Caribbean",2024,"IQ.SPI.PIL1","Pillar 1  - Data Use - Score",71.75
"LCN","Latin America & Caribbean",2024,"IQ.SPI.PIL2","Pillar 2 - Data Services - Score",66.48
"LCN","Latin America & Caribbean",2024,"IQ.SPI.PIL3","Pillar 3 - Data Products - Score",62.16
"LCN","Latin America & Caribbean",2024,"IQ.SPI.PIL4","Pillar 4 - Data Sources - Score",56.71
"LCN","Latin America & Caribbean",2024,"IQ.SPI.PIL5","Pillar 5 - Data Infrastructure - Score",62.66
"LIC","Low income",2016,"IQ.SPI.OVRL","SPI Overall Score",45.92
"LIC","Low income",2016,"IQ.SPI.PIL1","Pillar 1  - Data Use - Score",69.85
"LIC","Low income",2016,"IQ.SPI.PIL2","Pillar 2 - Data Services - Score",33.64
"LIC","Low income",2016,"IQ.SPI.PIL3","Pillar 3 - Data Products - Score",58.23
"LIC","Low income",2016,"IQ.SPI.PIL4","Pillar 4 - Data Sources - Score",31.28
"LIC","Low income",2016,"IQ.SPI.PIL5","Pillar 5 - Data Infrastructure - Score",25.43
"LIC","Low income",2017,"IQ.SPI.OVRL","SPI Overall Score",47.76
"LIC","Low income",2017,"IQ.SPI.PIL1","Pillar 1  - Data Use - Score",70.42
"LIC","Low income",2017,"IQ.SPI.PIL2","Pillar 2 - Data Services - Score",44.96
"LIC","Low income",2017,"IQ.SPI.PIL3","Pillar 3 - Data Products - Score",60.88
"LIC","Low income",2017,"IQ.SPI.PIL4","Pillar 4 - Data Sources - Score",29.34
"LIC","Low income",2017,"IQ.SPI.PIL5","Pillar 5 - Data Infrastructure - Score",26.88
"LIC","Low income",2018,"IQ.SPI.OVRL","SPI Overall Score",49.72
"LIC","Low income",2018,"IQ.SPI.PIL1","Pillar 1  - Data Use - Score",71.53
"LIC","Low income",2018,"IQ.SPI.PIL2","Pillar 2 - Data Services - Score",52.22
"LIC","Low income",2018,"IQ.SPI.PIL3","Pillar 3 - Data Products - Score",59.99
"LIC","Low income",2018,"IQ.SPI.PIL4","Pillar 4 - Data Sources - Score",30.97
"LIC","Low income",2018,"IQ.SPI.PIL5","Pillar 5 - Data Infrastructure - Score",27.5
"LIC","Low income",2019,"IQ.SPI.OVRL","SPI Overall Score",48.53
"LIC","Low income",2019,"IQ.SPI.PIL1","Pillar 1  - Data Use - Score",68.33
"LIC","Low income",2019,"IQ.SPI.PIL2","Pillar 2 - Data Services - Score",50.71
"LIC","Low income",2019,"IQ.SPI.PIL3","Pillar 3 - Data Products - Score",58.01
"LIC","Low income",2019,"IQ.SPI.PIL4","Pillar 4 - Data Sources - Score",29.98
"LIC","Low income",2019,"IQ.SPI.PIL5","Pillar 5 - Data Infrastructure - Score",29.79
"LIC","Low income",2020,"IQ.SPI.OVRL","SPI Overall Score",49.79
"LIC","Low income",2020,"IQ.SPI.PIL1","Pillar 1  - Data Use - Score",63.88
"LIC","Low income",2020,"IQ.SPI.PIL2","Pillar 2 - Data Services - Score",53.97
"LIC","Low income",2020,"IQ.SPI.PIL3","Pillar 3 - Data Products - Score",66.29
"LIC","Low income",2020,"IQ.SPI.PIL4","Pillar 4 - Data Sources - Score",29.74
"LIC","Low income",2020,"IQ.SPI.PIL5","Pillar 5 - Data Infrastructure - Score",29.79
"LIC","Low income",2021,"IQ.SPI.OVRL","SPI Overall Score",55.31
"LIC","Low income",2021,"IQ.SPI.PIL1","Pillar 1  - Data Use - Score",66.38
"LIC","Low income",2021,"IQ.SPI.PIL2","Pillar 2 - Data Services - Score",57
"LIC","Low income",2021,"IQ.SPI.PIL3","Pillar 3 - Data Products - Score",74.6
"LIC","Low income",2021,"IQ.SPI.PIL4","Pillar 4 - Data Sources - Score",30.19
"LIC","Low income",2021,"IQ.SPI.PIL5","Pillar 5 - Data Infrastructure - Score",42.08
"LIC","Low income",2022,"IQ.SPI.OVRL","SPI Overall Score",54.46
"LIC","Low income",2022,"IQ.SPI.PIL1","Pillar 1  - Data Use - Score",68.19
"LIC","Low income",2022,"IQ.SPI.PIL2","Pillar 2 - Data Services - Score",56.97
"LIC","Low income",2022,"IQ.SPI.PIL3","Pillar 3 - Data Products - Score",68.51
"LIC","Low income",2022,"IQ.SPI.PIL4","Pillar 4 - Data Sources - Score",31.94
"LIC","Low income",2022,"IQ.SPI.PIL5","Pillar 5 - Data Infrastructure - Score",42.08
"LIC","Low income",2023,"IQ.SPI.OVRL","SPI Overall Score",55.35
"LIC","Low income",2023,"IQ.SPI.PIL1","Pillar 1  - Data Use - Score",66.52
"LIC","Low income",2023,"IQ.SPI.PIL2","Pillar 2 - Data Services - Score",54.07
"LIC","Low income",2023,"IQ.SPI.PIL3","Pillar 3 - Data Products - Score",71.79
"LIC","Low income",2023,"IQ.SPI.PIL4","Pillar 4 - Data Sources - Score",31.54
"LIC","Low income",2023,"IQ.SPI.PIL5","Pillar 5 - Data Infrastructure - Score",48.12
"LIC","Low income",2024,"IQ.SPI.OVRL","SPI Overall Score",56.11
"LIC","Low income",2024,"IQ.SPI.PIL1","Pillar 1  - Data Use - Score",65.68
"LIC","Low income",2024,"IQ.SPI.PIL2","Pillar 2 - Data Services - Score",58.57
"LIC","Low income",2024,"IQ.SPI.PIL3","Pillar 3 - Data Products - Score",67.97
"LIC","Low income",2024,"IQ.SPI.PIL4","Pillar 4 - Data Sources - Score",32.95
"LIC","Low income",2024,"IQ.SPI.PIL5","Pillar 5 - Data Infrastructure - Score",50.62
"LMIC","Lower middle income",2016,"IQ.SPI.OVRL","SPI Overall Score",50.27
"LMIC","Lower middle income",2016,"IQ.SPI.PIL1","Pillar 1  - Data Use - Score",78.64
"LMIC","Lower middle income",2016,"IQ.SPI.PIL2","Pillar 2 - Data Services - Score",36.94
"LMIC","Lower middle income",2016,"IQ.SPI.PIL3","Pillar 3 - Data Products - Score",61.13
"LMIC","Lower middle income",2016,"IQ.SPI.PIL4","Pillar 4 - Data Sources - Score",41.99
"LMIC","Lower middle income",2016,"IQ.SPI.PIL5","Pillar 5 - Data Infrastructure - Score",31.38
"LMIC","Lower middle income",2017,"IQ.SPI.OVRL","SPI Overall Score",53.37
"LMIC","Lower middle income",2017,"IQ.SPI.PIL1","Pillar 1  - Data Use - Score",80
"LMIC","Lower middle income",2017,"IQ.SPI.PIL2","Pillar 2 - Data Services - Score",50.08
"LMIC","Lower middle income",2017,"IQ.SPI.PIL3","Pillar 3 - Data Products - Score",61.7
"LMIC","Lower middle income",2017,"IQ.SPI.PIL4","Pillar 4 - Data Sources - Score",41.39
"LMIC","Lower middle income",2017,"IQ.SPI.PIL5","Pillar 5 - Data Infrastructure - Score",33.27
"LMIC","Lower middle income",2018,"IQ.SPI.OVRL","SPI Overall Score",55.3
"LMIC","Lower middle income",2018,"IQ.SPI.PIL1","Pillar 1  - Data Use - Score",77.75
"LMIC","Lower middle income",2018,"IQ.SPI.PIL2","Pillar 2 - Data Services - Score",61.12
"LMIC","Lower middle income",2018,"IQ.SPI.PIL3","Pillar 3 - Data Products - Score",61.76
"LMIC","Lower middle income",2018,"IQ.SPI.PIL4","Pillar 4 - Data Sources - Score",42.12
"LMIC","Lower middle income",2018,"IQ.SPI.PIL5","Pillar 5 - Data Infrastructure - Score",33.47
"LMIC","Lower middle income",2019,"IQ.SPI.OVRL","SPI Overall Score",55.99
"LMIC","Lower middle income",2019,"IQ.SPI.PIL1","Pillar 1  - Data Use - Score",79.93
"LMIC","Lower middle income",2019,"IQ.SPI.PIL2","Pillar 2 - Data Services - Score",60.42
"LMIC","Lower middle income",2019,"IQ.SPI.PIL3","Pillar 3 - Data Products - Score",60.26
"LMIC","Lower middle income",2019,"IQ.SPI.PIL4","Pillar 4 - Data Sources - Score",42.85
"LMIC","Lower middle income",2019,"IQ.SPI.PIL5","Pillar 5 - Data Infrastructure - Score",36.22
"LMIC","Lower middle income",2020,"IQ.SPI.OVRL","SPI Overall Score",58.36
"LMIC","Lower middle income",2020,"IQ.SPI.PIL1","Pillar 1  - Data Use - Score",75.84
"LMIC","Lower middle income",2020,"IQ.SPI.PIL2","Pillar 2 - Data Services - Score",63.68
"LMIC","Lower middle income",2020,"IQ.SPI.PIL3","Pillar 3 - Data Products - Score",69.11
"LMIC","Lower middle income",2020,"IQ.SPI.PIL4","Pillar 4 - Data Sources - Score",44
"LMIC","Lower middle income",2020,"IQ.SPI.PIL5","Pillar 5 - Data Infrastructure - Score",38.47
"LMIC","Lower middle income",2021,"IQ.SPI.OVRL","SPI Overall Score",62.96
"LMIC","Lower middle income",2021,"IQ.SPI.PIL1","Pillar 1  - Data Use - Score",75.44
"LMIC","Lower middle income",2021,"IQ.SPI.PIL2","Pillar 2 - Data Services - Score",64.38
"LMIC","Lower middle income",2021,"IQ.SPI.PIL3","Pillar 3 - Data Products - Score",77.86
"LMIC","Lower middle income",2021,"IQ.SPI.PIL4","Pillar 4 - Data Sources - Score",46.31
"LMIC","Lower middle income",2021,"IQ.SPI.PIL5","Pillar 5 - Data Infrastructure - Score",50.31
"LMIC","Lower middle income",2022,"IQ.SPI.OVRL","SPI Overall Score",62.31
"LMIC","Lower middle income",2022,"IQ.SPI.PIL1","Pillar 1  - Data Use - Score",75.91
"LMIC","Lower middle income",2022,"IQ.SPI.PIL2","Pillar 2 - Data Services - Score",64.46
"LMIC","Lower middle income",2022,"IQ.SPI.PIL3","Pillar 3 - Data Products - Score",72.8
"LMIC","Lower middle income",2022,"IQ.SPI.PIL4","Pillar 4 - Data Sources - Score",46.82
"LMIC","Lower middle income",2022,"IQ.SPI.PIL5","Pillar 5 - Data Infrastructure - Score",51.22
"LMIC","Lower middle income",2023,"IQ.SPI.OVRL","SPI Overall Score",63.3
"LMIC","Lower middle income",2023,"IQ.SPI.PIL1","Pillar 1  - Data Use - Score",75.37
"LMIC","Lower middle income",2023,"IQ.SPI.PIL2","Pillar 2 - Data Services - Score",62.37
"LMIC","Lower middle income",2023,"IQ.SPI.PIL3","Pillar 3 - Data Products - Score",75.53
"LMIC","Lower middle income",2023,"IQ.SPI.PIL4","Pillar 4 - Data Sources - Score",47.17
"LMIC","Lower middle income",2023,"IQ.SPI.PIL5","Pillar 5 - Data Infrastructure - Score",55.71
"LMIC","Lower middle income",2024,"IQ.SPI.OVRL","SPI Overall Score",63.18
"LMIC","Lower middle income",2024,"IQ.SPI.PIL1","Pillar 1  - Data Use - Score",74.96
"LMIC","Lower middle income",2024,"IQ.SPI.PIL2","Pillar 2 - Data Services - Score",64.96
"LMIC","Lower middle income",2024,"IQ.SPI.PIL3","Pillar 3 - Data Products - Score",71.83
"LMIC","Lower middle income",2024,"IQ.SPI.PIL4","Pillar 4 - Data Sources - Score",47.74
"LMIC","Lower middle income",2024,"IQ.SPI.PIL5","Pillar 5 - Data Infrastructure - Score",56.43
"MEA","Middle East, North Africa, Afghanistan & Pakistan",2016,"IQ.SPI.OVRL","SPI Overall Score",48.24
"MEA","Middle East, North Africa, Afghanistan & Pakistan",2016,"IQ.SPI.PIL1","Pillar 1  - Data Use - Score",73.62
"MEA","Middle East, North Africa, Afghanistan & Pakistan",2016,"IQ.SPI.PIL2","Pillar 2 - Data Services - Score",29.25
"MEA","Middle East, North Africa, Afghanistan & Pakistan",2016,"IQ.SPI.PIL3","Pillar 3 - Data Products - Score",52.21
"MEA","Middle East, North Africa, Afghanistan & Pakistan",2016,"IQ.SPI.PIL4","Pillar 4 - Data Sources - Score",47.79
"MEA","Middle East, North Africa, Afghanistan & Pakistan",2016,"IQ.SPI.PIL5","Pillar 5 - Data Infrastructure - Score",35.23
"MEA","Middle East, North Africa, Afghanistan & Pakistan",2017,"IQ.SPI.OVRL","SPI Overall Score",50.47
"MEA","Middle East, North Africa, Afghanistan & Pakistan",2017,"IQ.SPI.PIL1","Pillar 1  - Data Use - Score",73.33
"MEA","Middle East, North Africa, Afghanistan & Pakistan",2017,"IQ.SPI.PIL2","Pillar 2 - Data Services - Score",42.15
"MEA","Middle East, North Africa, Afghanistan & Pakistan",2017,"IQ.SPI.PIL3","Pillar 3 - Data Products - Score",53.1
"MEA","Middle East, North Africa, Afghanistan & Pakistan",2017,"IQ.SPI.PIL4","Pillar 4 - Data Sources - Score",46.36
"MEA","Middle East, North Africa, Afghanistan & Pakistan",2017,"IQ.SPI.PIL5","Pillar 5 - Data Infrastructure - Score",37.39
"MEA","Middle East, North Africa, Afghanistan & Pakistan",2018,"IQ.SPI.OVRL","SPI Overall Score",53.8
"MEA","Middle East, North Africa, Afghanistan & Pakistan",2018,"IQ.SPI.PIL1","Pillar 1  - Data Use - Score",73.33
"MEA","Middle East, North Africa, Afghanistan & Pakistan",2018,"IQ.SPI.PIL2","Pillar 2 - Data Services - Score",57.2
"MEA","Middle East, North Africa, Afghanistan & Pakistan",2018,"IQ.SPI.PIL3","Pillar 3 - Data Products - Score",53.82
"MEA","Middle East, North Africa, Afghanistan & Pakistan",2018,"IQ.SPI.PIL4","Pillar 4 - Data Sources - Score",47.06
"MEA","Middle East, North Africa, Afghanistan & Pakistan",2018,"IQ.SPI.PIL5","Pillar 5 - Data Infrastructure - Score",37.61
"MEA","Middle East, North Africa, Afghanistan & Pakistan",2019,"IQ.SPI.OVRL","SPI Overall Score",54.77
"MEA","Middle East, North Africa, Afghanistan & Pakistan",2019,"IQ.SPI.PIL1","Pillar 1  - Data Use - Score",72.46
"MEA","Middle East, North Africa, Afghanistan & Pakistan",2019,"IQ.SPI.PIL2","Pillar 2 - Data Services - Score",58.65
"MEA","Middle East, North Africa, Afghanistan & Pakistan",2019,"IQ.SPI.PIL3","Pillar 3 - Data Products - Score",53.65
"MEA","Middle East, North Africa, Afghanistan & Pakistan",2019,"IQ.SPI.PIL4","Pillar 4 - Data Sources - Score",47.78
"MEA","Middle East, North Africa, Afghanistan & Pakistan",2019,"IQ.SPI.PIL5","Pillar 5 - Data Infrastructure - Score",41.3
"MEA","Middle East, North Africa, Afghanistan & Pakistan",2020,"IQ.SPI.OVRL","SPI Overall Score",56.93
"MEA","Middle East, North Africa, Afghanistan & Pakistan",2020,"IQ.SPI.PIL1","Pillar 1  - Data Use - Score",69.7
"MEA","Middle East, North Africa, Afghanistan & Pakistan",2020,"IQ.SPI.PIL2","Pillar 2 - Data Services - Score",58.83
"MEA","Middle East, North Africa, Afghanistan & Pakistan",2020,"IQ.SPI.PIL3","Pillar 3 - Data Products - Score",62.82
"MEA","Middle East, North Africa, Afghanistan & Pakistan",2020,"IQ.SPI.PIL4","Pillar 4 - Data Sources - Score",49.38
"MEA","Middle East, North Africa, Afghanistan & Pakistan",2020,"IQ.SPI.PIL5","Pillar 5 - Data Infrastructure - Score",43.91
"MEA","Middle East, North Africa, Afghanistan & Pakistan",2021,"IQ.SPI.OVRL","SPI Overall Score",62.12
"MEA","Middle East, North Africa, Afghanistan & Pakistan",2021,"IQ.SPI.PIL1","Pillar 1  - Data Use - Score",68.83
"MEA","Middle East, North Africa, Afghanistan & Pakistan",2021,"IQ.SPI.PIL2","Pillar 2 - Data Services - Score",64.63
"MEA","Middle East, North Africa, Afghanistan & Pakistan",2021,"IQ.SPI.PIL3","Pillar 3 - Data Products - Score",71.46
"MEA","Middle East, North Africa, Afghanistan & Pakistan",2021,"IQ.SPI.PIL4","Pillar 4 - Data Sources - Score",52.86
"MEA","Middle East, North Africa, Afghanistan & Pakistan",2021,"IQ.SPI.PIL5","Pillar 5 - Data Infrastructure - Score",52.83
"MEA","Middle East, North Africa, Afghanistan & Pakistan",2022,"IQ.SPI.OVRL","SPI Overall Score",61.86
"MEA","Middle East, North Africa, Afghanistan & Pakistan",2022,"IQ.SPI.PIL1","Pillar 1  - Data Use - Score",69.27
"MEA","Middle East, North Africa, Afghanistan & Pakistan",2022,"IQ.SPI.PIL2","Pillar 2 - Data Services - Score",65.31
"MEA","Middle East, North Africa, Afghanistan & Pakistan",2022,"IQ.SPI.PIL3","Pillar 3 - Data Products - Score",67.68
"MEA","Middle East, North Africa, Afghanistan & Pakistan",2022,"IQ.SPI.PIL4","Pillar 4 - Data Sources - Score",52.7
"MEA","Middle East, North Africa, Afghanistan & Pakistan",2022,"IQ.SPI.PIL5","Pillar 5 - Data Infrastructure - Score",54.35
"MEA","Middle East, North Africa, Afghanistan & Pakistan",2023,"IQ.SPI.OVRL","SPI Overall Score",63.3
"MEA","Middle East, North Africa, Afghanistan & Pakistan",2023,"IQ.SPI.PIL1","Pillar 1  - Data Use - Score",68.54
"MEA","Middle East, North Africa, Afghanistan & Pakistan",2023,"IQ.SPI.PIL2","Pillar 2 - Data Services - Score",65.31
"MEA","Middle East, North Africa, Afghanistan & Pakistan",2023,"IQ.SPI.PIL3","Pillar 3 - Data Products - Score",70.71
"MEA","Middle East, North Africa, Afghanistan & Pakistan",2023,"IQ.SPI.PIL4","Pillar 4 - Data Sources - Score",52.81
"MEA","Middle East, North Africa, Afghanistan & Pakistan",2023,"IQ.SPI.PIL5","Pillar 5 - Data Infrastructure - Score",59.13
"MEA","Middle East, North Africa, Afghanistan & Pakistan",2024,"IQ.SPI.OVRL","SPI Overall Score",63.25
"MEA","Middle East, North Africa, Afghanistan & Pakistan",2024,"IQ.SPI.PIL1","Pillar 1  - Data Use - Score",68.54
"MEA","Middle East, North Africa, Afghanistan & Pakistan",2024,"IQ.SPI.PIL2","Pillar 2 - Data Services - Score",67.61
"MEA","Middle East, North Africa, Afghanistan & Pakistan",2024,"IQ.SPI.PIL3","Pillar 3 - Data Products - Score",67.83
"MEA","Middle East, North Africa, Afghanistan & Pakistan",2024,"IQ.SPI.PIL4","Pillar 4 - Data Sources - Score",54.25
"MEA","Middle East, North Africa, Afghanistan & Pakistan",2024,"IQ.SPI.PIL5","Pillar 5 - Data Infrastructure - Score",58.04
"NAC","North America",2016,"IQ.SPI.OVRL","SPI Overall Score",87.12
"NAC","North America",2016,"IQ.SPI.PIL1","Pillar 1  - Data Use - Score",80
"NAC","North America",2016,"IQ.SPI.PIL2","Pillar 2 - Data Services - Score",93.32
"NAC","North America",2016,"IQ.SPI.PIL3","Pillar 3 - Data Products - Score",47.39
"NAC","North America",2016,"IQ.SPI.PIL4","Pillar 4 - Data Sources - Score",83.18
"NAC","North America",2016,"IQ.SPI.PIL5","Pillar 5 - Data Infrastructure - Score",97.5
"NAC","North America",2017,"IQ.SPI.OVRL","SPI Overall Score",86.78
"NAC","North America",2017,"IQ.SPI.PIL1","Pillar 1  - Data Use - Score",80
"NAC","North America",2017,"IQ.SPI.PIL2","Pillar 2 - Data Services - Score",92.9
"NAC","North America",2017,"IQ.SPI.PIL3","Pillar 3 - Data Products - Score",49.06
"NAC","North America",2017,"IQ.SPI.PIL4","Pillar 4 - Data Sources - Score",79
"NAC","North America",2017,"IQ.SPI.PIL5","Pillar 5 - Data Infrastructure - Score",97.5
"NAC","North America",2018,"IQ.SPI.OVRL","SPI Overall Score",86.91
"NAC","North America",2018,"IQ.SPI.PIL1","Pillar 1  - Data Use - Score",80
"NAC","North America",2018,"IQ.SPI.PIL2","Pillar 2 - Data Services - Score",93.6
"NAC","North America",2018,"IQ.SPI.PIL3","Pillar 3 - Data Products - Score",46.61
"NAC","North America",2018,"IQ.SPI.PIL4","Pillar 4 - Data Sources - Score",81.64
"NAC","North America",2018,"IQ.SPI.PIL5","Pillar 5 - Data Infrastructure - Score",97.5
"NAC","North America",2019,"IQ.SPI.OVRL","SPI Overall Score",87.36
"NAC","North America",2019,"IQ.SPI.PIL1","Pillar 1  - Data Use - Score",80
"NAC","North America",2019,"IQ.SPI.PIL2","Pillar 2 - Data Services - Score",93.6
"NAC","North America",2019,"IQ.SPI.PIL3","Pillar 3 - Data Products - Score",46.62
"NAC","North America",2019,"IQ.SPI.PIL4","Pillar 4 - Data Sources - Score",81.64
"NAC","North America",2019,"IQ.SPI.PIL5","Pillar 5 - Data Infrastructure - Score",100
"NAC","North America",2020,"IQ.SPI.OVRL","SPI Overall Score",87.17
"NAC","North America",2020,"IQ.SPI.PIL1","Pillar 1  - Data Use - Score",80
"NAC","North America",2020,"IQ.SPI.PIL2","Pillar 2 - Data Services - Score",92.88
"NAC","North America",2020,"IQ.SPI.PIL3","Pillar 3 - Data Products - Score",54.04
"NAC","North America",2020,"IQ.SPI.PIL4","Pillar 4 - Data Sources - Score",79.39
"NAC","North America",2020,"IQ.SPI.PIL5","Pillar 5 - Data Infrastructure - Score",95
"NAC","North America",2021,"IQ.SPI.OVRL","SPI Overall Score",93.09
"NAC","North America",2021,"IQ.SPI.PIL1","Pillar 1  - Data Use - Score",80
"NAC","North America",2021,"IQ.SPI.PIL2","Pillar 2 - Data Services - Score",92.88
"NAC","North America",2021,"IQ.SPI.PIL3","Pillar 3 - Data Products - Score",65.59
"NAC","North America",2021,"IQ.SPI.PIL4","Pillar 4 - Data Sources - Score",87.72
"NAC","North America",2021,"IQ.SPI.PIL5","Pillar 5 - Data Infrastructure - Score",100
"NAC","North America",2022,"IQ.SPI.OVRL","SPI Overall Score",91.85
"NAC","North America",2022,"IQ.SPI.PIL1","Pillar 1  - Data Use - Score",80
"NAC","North America",2022,"IQ.SPI.PIL2","Pillar 2 - Data Services - Score",92.93
"NAC","North America",2022,"IQ.SPI.PIL3","Pillar 3 - Data Products - Score",61.23
"NAC","North America",2022,"IQ.SPI.PIL4","Pillar 4 - Data Sources - Score",87.72
"NAC","North America",2022,"IQ.SPI.PIL5","Pillar 5 - Data Infrastructure - Score",100
"NAC","North America",2023,"IQ.SPI.OVRL","SPI Overall Score",93.45
"NAC","North America",2023,"IQ.SPI.PIL1","Pillar 1  - Data Use - Score",80
"NAC","North America",2023,"IQ.SPI.PIL2","Pillar 2 - Data Services - Score",92.93
"NAC","North America",2023,"IQ.SPI.PIL3","Pillar 3 - Data Products - Score",66.8
"NAC","North America",2023,"IQ.SPI.PIL4","Pillar 4 - Data Sources - Score",87.72
"NAC","North America",2023,"IQ.SPI.PIL5","Pillar 5 - Data Infrastructure - Score",100
"NAC","North America",2024,"IQ.SPI.OVRL","SPI Overall Score",91.21
"NAC","North America",2024,"IQ.SPI.PIL1","Pillar 1  - Data Use - Score",80
"NAC","North America",2024,"IQ.SPI.PIL2","Pillar 2 - Data Services - Score",94.15
"NAC","North America",2024,"IQ.SPI.PIL3","Pillar 3 - Data Products - Score",67
"NAC","North America",2024,"IQ.SPI.PIL4","Pillar 4 - Data Sources - Score",89.1
"NAC","North America",2024,"IQ.SPI.PIL5","Pillar 5 - Data Infrastructure - Score",85
"REST","Rest of the world",2016,"IQ.SPI.OVRL","SPI Overall Score",74.16
"REST","Rest of the world",2016,"IQ.SPI.PIL1","Pillar 1  - Data Use - Score",75
"REST","Rest of the world",2016,"IQ.SPI.PIL2","Pillar 2 - Data Services - Score",65.6
"REST","Rest of the world",2016,"IQ.SPI.PIL3","Pillar 3 - Data Products - Score",44.69
"REST","Rest of the world",2016,"IQ.SPI.PIL4","Pillar 4 - Data Sources - Score",67.85
"REST","Rest of the world",2016,"IQ.SPI.PIL5","Pillar 5 - Data Infrastructure - Score",82.39
"REST","Rest of the world",2017,"IQ.SPI.OVRL","SPI Overall Score",75.71
"REST","Rest of the world",2017,"IQ.SPI.PIL1","Pillar 1  - Data Use - Score",75
"REST","Rest of the world",2017,"IQ.SPI.PIL2","Pillar 2 - Data Services - Score",69.58
"REST","Rest of the world",2017,"IQ.SPI.PIL3","Pillar 3 - Data Products - Score",48.31
"REST","Rest of the world",2017,"IQ.SPI.PIL4","Pillar 4 - Data Sources - Score",66.92
"REST","Rest of the world",2017,"IQ.SPI.PIL5","Pillar 5 - Data Infrastructure - Score",82.67
"REST","Rest of the world",2018,"IQ.SPI.OVRL","SPI Overall Score",79.23
"REST","Rest of the world",2018,"IQ.SPI.PIL1","Pillar 1  - Data Use - Score",75.29
"REST","Rest of the world",2018,"IQ.SPI.PIL2","Pillar 2 - Data Services - Score",85.11
"REST","Rest of the world",2018,"IQ.SPI.PIL3","Pillar 3 - Data Products - Score",48.33
"REST","Rest of the world",2018,"IQ.SPI.PIL4","Pillar 4 - Data Sources - Score",67.83
"REST","Rest of the world",2018,"IQ.SPI.PIL5","Pillar 5 - Data Infrastructure - Score",83.11
"REST","Rest of the world",2019,"IQ.SPI.OVRL","SPI Overall Score",79.56
"REST","Rest of the world",2019,"IQ.SPI.PIL1","Pillar 1  - Data Use - Score",75.29
"REST","Rest of the world",2019,"IQ.SPI.PIL2","Pillar 2 - Data Services - Score",85.11
"REST","Rest of the world",2019,"IQ.SPI.PIL3","Pillar 3 - Data Products - Score",47.91
"REST","Rest of the world",2019,"IQ.SPI.PIL4","Pillar 4 - Data Sources - Score",68.65
"REST","Rest of the world",2019,"IQ.SPI.PIL5","Pillar 5 - Data Infrastructure - Score",84.89
"REST","Rest of the world",2020,"IQ.SPI.OVRL","SPI Overall Score",80.38
"REST","Rest of the world",2020,"IQ.SPI.PIL1","Pillar 1  - Data Use - Score",74.56
"REST","Rest of the world",2020,"IQ.SPI.PIL2","Pillar 2 - Data Services - Score",85.27
"REST","Rest of the world",2020,"IQ.SPI.PIL3","Pillar 3 - Data Products - Score",53.37
"REST","Rest of the world",2020,"IQ.SPI.PIL4","Pillar 4 - Data Sources - Score",69.22
"REST","Rest of the world",2020,"IQ.SPI.PIL5","Pillar 5 - Data Infrastructure - Score",84.02
"REST","Rest of the world",2021,"IQ.SPI.OVRL","SPI Overall Score",84.78
"REST","Rest of the world",2021,"IQ.SPI.PIL1","Pillar 1  - Data Use - Score",74.41
"REST","Rest of the world",2021,"IQ.SPI.PIL2","Pillar 2 - Data Services - Score",86.01
"REST","Rest of the world",2021,"IQ.SPI.PIL3","Pillar 3 - Data Products - Score",61.7
"REST","Rest of the world",2021,"IQ.SPI.PIL4","Pillar 4 - Data Sources - Score",76.94
"REST","Rest of the world",2021,"IQ.SPI.PIL5","Pillar 5 - Data Infrastructure - Score",86.74
"REST","Rest of the world",2022,"IQ.SPI.OVRL","SPI Overall Score",83.44
"REST","Rest of the world",2022,"IQ.SPI.PIL1","Pillar 1  - Data Use - Score",74.85
"REST","Rest of the world",2022,"IQ.SPI.PIL2","Pillar 2 - Data Services - Score",86.38
"REST","Rest of the world",2022,"IQ.SPI.PIL3","Pillar 3 - Data Products - Score",58.18
"REST","Rest of the world",2022,"IQ.SPI.PIL4","Pillar 4 - Data Sources - Score",77.13
"REST","Rest of the world",2022,"IQ.SPI.PIL5","Pillar 5 - Data Infrastructure - Score",87.07
"REST","Rest of the world",2023,"IQ.SPI.OVRL","SPI Overall Score",85.11
"REST","Rest of the world",2023,"IQ.SPI.PIL1","Pillar 1  - Data Use - Score",75
"REST","Rest of the world",2023,"IQ.SPI.PIL2","Pillar 2 - Data Services - Score",84.93
"REST","Rest of the world",2023,"IQ.SPI.PIL3","Pillar 3 - Data Products - Score",64.13
"REST","Rest of the world",2023,"IQ.SPI.PIL4","Pillar 4 - Data Sources - Score",77.28
"REST","Rest of the world",2023,"IQ.SPI.PIL5","Pillar 5 - Data Infrastructure - Score",89.24
"REST","Rest of the world",2024,"IQ.SPI.OVRL","SPI Overall Score",83.4
"REST","Rest of the world",2024,"IQ.SPI.PIL1","Pillar 1  - Data Use - Score",75.88
"REST","Rest of the world",2024,"IQ.SPI.PIL2","Pillar 2 - Data Services - Score",85.96
"REST","Rest of the world",2024,"IQ.SPI.PIL3","Pillar 3 - Data Products - Score",62.61
"REST","Rest of the world",2024,"IQ.SPI.PIL4","Pillar 4 - Data Sources - Score",78.61
"REST","Rest of the world",2024,"IQ.SPI.PIL5","Pillar 5 - Data Infrastructure - Score",79.57
"SAS","South Asia",2016,"IQ.SPI.OVRL","SPI Overall Score",56.94
"SAS","South Asia",2016,"IQ.SPI.PIL1","Pillar 1  - Data Use - Score",77.23
"SAS","South Asia",2016,"IQ.SPI.PIL2","Pillar 2 - Data Services - Score",57.24
"SAS","South Asia",2016,"IQ.SPI.PIL3","Pillar 3 - Data Products - Score",64.38
"SAS","South Asia",2016,"IQ.SPI.PIL4","Pillar 4 - Data Sources - Score",52.51
"SAS","South Asia",2016,"IQ.SPI.PIL5","Pillar 5 - Data Infrastructure - Score",33.33
"SAS","South Asia",2017,"IQ.SPI.OVRL","SPI Overall Score",59.63
"SAS","South Asia",2017,"IQ.SPI.PIL1","Pillar 1  - Data Use - Score",80
"SAS","South Asia",2017,"IQ.SPI.PIL2","Pillar 2 - Data Services - Score",63.44
"SAS","South Asia",2017,"IQ.SPI.PIL3","Pillar 3 - Data Products - Score",67.54
"SAS","South Asia",2017,"IQ.SPI.PIL4","Pillar 4 - Data Sources - Score",54.65
"SAS","South Asia",2017,"IQ.SPI.PIL5","Pillar 5 - Data Infrastructure - Score",32.5
"SAS","South Asia",2018,"IQ.SPI.OVRL","SPI Overall Score",59.56
"SAS","South Asia",2018,"IQ.SPI.PIL1","Pillar 1  - Data Use - Score",78.33
"SAS","South Asia",2018,"IQ.SPI.PIL2","Pillar 2 - Data Services - Score",63.51
"SAS","South Asia",2018,"IQ.SPI.PIL3","Pillar 3 - Data Products - Score",66.9
"SAS","South Asia",2018,"IQ.SPI.PIL4","Pillar 4 - Data Sources - Score",55.74
"SAS","South Asia",2018,"IQ.SPI.PIL5","Pillar 5 - Data Infrastructure - Score",33.33
"SAS","South Asia",2019,"IQ.SPI.OVRL","SPI Overall Score",60.15
"SAS","South Asia",2019,"IQ.SPI.PIL1","Pillar 1  - Data Use - Score",80
"SAS","South Asia",2019,"IQ.SPI.PIL2","Pillar 2 - Data Services - Score",63.51
"SAS","South Asia",2019,"IQ.SPI.PIL3","Pillar 3 - Data Products - Score",66.79
"SAS","South Asia",2019,"IQ.SPI.PIL4","Pillar 4 - Data Sources - Score",55.47
"SAS","South Asia",2019,"IQ.SPI.PIL5","Pillar 5 - Data Infrastructure - Score",35
"SAS","South Asia",2020,"IQ.SPI.OVRL","SPI Overall Score",63.48
"SAS","South Asia",2020,"IQ.SPI.PIL1","Pillar 1  - Data Use - Score",80
"SAS","South Asia",2020,"IQ.SPI.PIL2","Pillar 2 - Data Services - Score",70.23
"SAS","South Asia",2020,"IQ.SPI.PIL3","Pillar 3 - Data Products - Score",75.54
"SAS","South Asia",2020,"IQ.SPI.PIL4","Pillar 4 - Data Sources - Score",57.49
"SAS","South Asia",2020,"IQ.SPI.PIL5","Pillar 5 - Data Infrastructure - Score",34.17
"SAS","South Asia",2021,"IQ.SPI.OVRL","SPI Overall Score",68.82
"SAS","South Asia",2021,"IQ.SPI.PIL1","Pillar 1  - Data Use - Score",81.67
"SAS","South Asia",2021,"IQ.SPI.PIL2","Pillar 2 - Data Services - Score",70.23
"SAS","South Asia",2021,"IQ.SPI.PIL3","Pillar 3 - Data Products - Score",82.22
"SAS","South Asia",2021,"IQ.SPI.PIL4","Pillar 4 - Data Sources - Score",60.81
"SAS","South Asia",2021,"IQ.SPI.PIL5","Pillar 5 - Data Infrastructure - Score",49.17
"SAS","South Asia",2022,"IQ.SPI.OVRL","SPI Overall Score",67.18
"SAS","South Asia",2022,"IQ.SPI.PIL1","Pillar 1  - Data Use - Score",81.67
"SAS","South Asia",2022,"IQ.SPI.PIL2","Pillar 2 - Data Services - Score",70.48
"SAS","South Asia",2022,"IQ.SPI.PIL3","Pillar 3 - Data Products - Score",74.83
"SAS","South Asia",2022,"IQ.SPI.PIL4","Pillar 4 - Data Sources - Score",60.58
"SAS","South Asia",2022,"IQ.SPI.PIL5","Pillar 5 - Data Infrastructure - Score",48.33
"SAS","South Asia",2023,"IQ.SPI.OVRL","SPI Overall Score",68.67
"SAS","South Asia",2023,"IQ.SPI.PIL1","Pillar 1  - Data Use - Score",76.67
"SAS","South Asia",2023,"IQ.SPI.PIL2","Pillar 2 - Data Services - Score",70.48
"SAS","South Asia",2023,"IQ.SPI.PIL3","Pillar 3 - Data Products - Score",79.1
"SAS","South Asia",2023,"IQ.SPI.PIL4","Pillar 4 - Data Sources - Score",60.46
"SAS","South Asia",2023,"IQ.SPI.PIL5","Pillar 5 - Data Infrastructure - Score",56.67
"SAS","South Asia",2024,"IQ.SPI.OVRL","SPI Overall Score",67.11
"SAS","South Asia",2024,"IQ.SPI.PIL1","Pillar 1  - Data Use - Score",75
"SAS","South Asia",2024,"IQ.SPI.PIL2","Pillar 2 - Data Services - Score",71.54
"SAS","South Asia",2024,"IQ.SPI.PIL3","Pillar 3 - Data Products - Score",74.57
"SAS","South Asia",2024,"IQ.SPI.PIL4","Pillar 4 - Data Sources - Score",60.26
"SAS","South Asia",2024,"IQ.SPI.PIL5","Pillar 5 - Data Infrastructure - Score",54.17
"SSF","Sub-Saharan Africa",2016,"IQ.SPI.OVRL","SPI Overall Score",49.43
"SSF","Sub-Saharan Africa",2016,"IQ.SPI.PIL1","Pillar 1  - Data Use - Score",75.11
"SSF","Sub-Saharan Africa",2016,"IQ.SPI.PIL2","Pillar 2 - Data Services - Score",37.05
"SSF","Sub-Saharan Africa",2016,"IQ.SPI.PIL3","Pillar 3 - Data Products - Score",60.17
"SSF","Sub-Saharan Africa",2016,"IQ.SPI.PIL4","Pillar 4 - Data Sources - Score",36.44
"SSF","Sub-Saharan Africa",2016,"IQ.SPI.PIL5","Pillar 5 - Data Infrastructure - Score",30.68
"SSF","Sub-Saharan Africa",2017,"IQ.SPI.OVRL","SPI Overall Score",52.26
"SSF","Sub-Saharan Africa",2017,"IQ.SPI.PIL1","Pillar 1  - Data Use - Score",74.96
"SSF","Sub-Saharan Africa",2017,"IQ.SPI.PIL2","Pillar 2 - Data Services - Score",50.49
"SSF","Sub-Saharan Africa",2017,"IQ.SPI.PIL3","Pillar 3 - Data Products - Score",61.87
"SSF","Sub-Saharan Africa",2017,"IQ.SPI.PIL4","Pillar 4 - Data Sources - Score",36.21
"SSF","Sub-Saharan Africa",2017,"IQ.SPI.PIL5","Pillar 5 - Data Infrastructure - Score",31.33
"SSF","Sub-Saharan Africa",2018,"IQ.SPI.OVRL","SPI Overall Score",53.66
"SSF","Sub-Saharan Africa",2018,"IQ.SPI.PIL1","Pillar 1  - Data Use - Score",73.85
"SSF","Sub-Saharan Africa",2018,"IQ.SPI.PIL2","Pillar 2 - Data Services - Score",57.59
"SSF","Sub-Saharan Africa",2018,"IQ.SPI.PIL3","Pillar 3 - Data Products - Score",61.36
"SSF","Sub-Saharan Africa",2018,"IQ.SPI.PIL4","Pillar 4 - Data Sources - Score",37.6
"SSF","Sub-Saharan Africa",2018,"IQ.SPI.PIL5","Pillar 5 - Data Infrastructure - Score",31.78
"SSF","Sub-Saharan Africa",2019,"IQ.SPI.OVRL","SPI Overall Score",53.67
"SSF","Sub-Saharan Africa",2019,"IQ.SPI.PIL1","Pillar 1  - Data Use - Score",74.36
"SSF","Sub-Saharan Africa",2019,"IQ.SPI.PIL2","Pillar 2 - Data Services - Score",55.96
"SSF","Sub-Saharan Africa",2019,"IQ.SPI.PIL3","Pillar 3 - Data Products - Score",59.56
"SSF","Sub-Saharan Africa",2019,"IQ.SPI.PIL4","Pillar 4 - Data Sources - Score",38
"SSF","Sub-Saharan Africa",2019,"IQ.SPI.PIL5","Pillar 5 - Data Infrastructure - Score",34.44
"SSF","Sub-Saharan Africa",2020,"IQ.SPI.OVRL","SPI Overall Score",54.54
"SSF","Sub-Saharan Africa",2020,"IQ.SPI.PIL1","Pillar 1  - Data Use - Score",70.29
"SSF","Sub-Saharan Africa",2020,"IQ.SPI.PIL2","Pillar 2 - Data Services - Score",58.53
"SSF","Sub-Saharan Africa",2020,"IQ.SPI.PIL3","Pillar 3 - Data Products - Score",67.29
"SSF","Sub-Saharan Africa",2020,"IQ.SPI.PIL4","Pillar 4 - Data Sources - Score",37.95
"SSF","Sub-Saharan Africa",2020,"IQ.SPI.PIL5","Pillar 5 - Data Infrastructure - Score",34.78
"SSF","Sub-Saharan Africa",2021,"IQ.SPI.OVRL","SPI Overall Score",59.67
"SSF","Sub-Saharan Africa",2021,"IQ.SPI.PIL1","Pillar 1  - Data Use - Score",71.18
"SSF","Sub-Saharan Africa",2021,"IQ.SPI.PIL2","Pillar 2 - Data Services - Score",60.12
"SSF","Sub-Saharan Africa",2021,"IQ.SPI.PIL3","Pillar 3 - Data Products - Score",76.14
"SSF","Sub-Saharan Africa",2021,"IQ.SPI.PIL4","Pillar 4 - Data Sources - Score",39.18
"SSF","Sub-Saharan Africa",2021,"IQ.SPI.PIL5","Pillar 5 - Data Infrastructure - Score",47.44
"SSF","Sub-Saharan Africa",2022,"IQ.SPI.OVRL","SPI Overall Score",58.65
"SSF","Sub-Saharan Africa",2022,"IQ.SPI.PIL1","Pillar 1  - Data Use - Score",72.44
"SSF","Sub-Saharan Africa",2022,"IQ.SPI.PIL2","Pillar 2 - Data Services - Score",59.84
"SSF","Sub-Saharan Africa",2022,"IQ.SPI.PIL3","Pillar 3 - Data Products - Score",70.14
"SSF","Sub-Saharan Africa",2022,"IQ.SPI.PIL4","Pillar 4 - Data Sources - Score",39.45
"SSF","Sub-Saharan Africa",2022,"IQ.SPI.PIL5","Pillar 5 - Data Infrastructure - Score",48.44
"SSF","Sub-Saharan Africa",2023,"IQ.SPI.OVRL","SPI Overall Score",59.66
"SSF","Sub-Saharan Africa",2023,"IQ.SPI.PIL1","Pillar 1  - Data Use - Score",71.4
"SSF","Sub-Saharan Africa",2023,"IQ.SPI.PIL2","Pillar 2 - Data Services - Score",56.74
"SSF","Sub-Saharan Africa",2023,"IQ.SPI.PIL3","Pillar 3 - Data Products - Score",73.31
"SSF","Sub-Saharan Africa",2023,"IQ.SPI.PIL4","Pillar 4 - Data Sources - Score",39.74
"SSF","Sub-Saharan Africa",2023,"IQ.SPI.PIL5","Pillar 5 - Data Infrastructure - Score",54.11
"SSF","Sub-Saharan Africa",2024,"IQ.SPI.OVRL","SPI Overall Score",60.25
"SSF","Sub-Saharan Africa",2024,"IQ.SPI.PIL1","Pillar 1  - Data Use - Score",71.18
"SSF","Sub-Saharan Africa",2024,"IQ.SPI.PIL2","Pillar 2 - Data Services - Score",59.99
"SSF","Sub-Saharan Africa",2024,"IQ.SPI.PIL3","Pillar 3 - Data Products - Score",69.99
"SSF","Sub-Saharan Africa",2024,"IQ.SPI.PIL4","Pillar 4 - Data Sources - Score",40.84
"SSF","Sub-Saharan Africa",2024,"IQ.SPI.PIL5","Pillar 5 - Data Infrastructure - Score",56.44
"UMIC","Upper middle income",2016,"IQ.SPI.OVRL","SPI Overall Score",57.92
"UMIC","Upper middle income",2016,"IQ.SPI.PIL1","Pillar 1  - Data Use - Score",78.58
"UMIC","Upper middle income",2016,"IQ.SPI.PIL2","Pillar 2 - Data Services - Score",45.3
"UMIC","Upper middle income",2016,"IQ.SPI.PIL3","Pillar 3 - Data Products - Score",61.27
"UMIC","Upper middle income",2016,"IQ.SPI.PIL4","Pillar 4 - Data Sources - Score",52.18
"UMIC","Upper middle income",2016,"IQ.SPI.PIL5","Pillar 5 - Data Infrastructure - Score",44.33
"UMIC","Upper middle income",2017,"IQ.SPI.OVRL","SPI Overall Score",60.47
"UMIC","Upper middle income",2017,"IQ.SPI.PIL1","Pillar 1  - Data Use - Score",78.7
"UMIC","Upper middle income",2017,"IQ.SPI.PIL2","Pillar 2 - Data Services - Score",55.09
"UMIC","Upper middle income",2017,"IQ.SPI.PIL3","Pillar 3 - Data Products - Score",62.64
"UMIC","Upper middle income",2017,"IQ.SPI.PIL4","Pillar 4 - Data Sources - Score",50.88
"UMIC","Upper middle income",2017,"IQ.SPI.PIL5","Pillar 5 - Data Infrastructure - Score",45.85
"UMIC","Upper middle income",2018,"IQ.SPI.OVRL","SPI Overall Score",62.66
"UMIC","Upper middle income",2018,"IQ.SPI.PIL1","Pillar 1  - Data Use - Score",76.36
"UMIC","Upper middle income",2018,"IQ.SPI.PIL2","Pillar 2 - Data Services - Score",66.26
"UMIC","Upper middle income",2018,"IQ.SPI.PIL3","Pillar 3 - Data Products - Score",62.66
"UMIC","Upper middle income",2018,"IQ.SPI.PIL4","Pillar 4 - Data Sources - Score",51.51
"UMIC","Upper middle income",2018,"IQ.SPI.PIL5","Pillar 5 - Data Infrastructure - Score",47.17
"UMIC","Upper middle income",2019,"IQ.SPI.OVRL","SPI Overall Score",63.28
"UMIC","Upper middle income",2019,"IQ.SPI.PIL1","Pillar 1  - Data Use - Score",76.91
"UMIC","Upper middle income",2019,"IQ.SPI.PIL2","Pillar 2 - Data Services - Score",66.26
"UMIC","Upper middle income",2019,"IQ.SPI.PIL3","Pillar 3 - Data Products - Score",61.47
"UMIC","Upper middle income",2019,"IQ.SPI.PIL4","Pillar 4 - Data Sources - Score",52.03
"UMIC","Upper middle income",2019,"IQ.SPI.PIL5","Pillar 5 - Data Infrastructure - Score",50.85
"UMIC","Upper middle income",2020,"IQ.SPI.OVRL","SPI Overall Score",64.32
"UMIC","Upper middle income",2020,"IQ.SPI.PIL1","Pillar 1  - Data Use - Score",76.36
"UMIC","Upper middle income",2020,"IQ.SPI.PIL2","Pillar 2 - Data Services - Score",67.46
"UMIC","Upper middle income",2020,"IQ.SPI.PIL3","Pillar 3 - Data Products - Score",69.78
"UMIC","Upper middle income",2020,"IQ.SPI.PIL4","Pillar 4 - Data Sources - Score",52.9
"UMIC","Upper middle income",2020,"IQ.SPI.PIL5","Pillar 5 - Data Infrastructure - Score",51.51
"UMIC","Upper middle income",2021,"IQ.SPI.OVRL","SPI Overall Score",68.89
"UMIC","Upper middle income",2021,"IQ.SPI.PIL1","Pillar 1  - Data Use - Score",75.8
"UMIC","Upper middle income",2021,"IQ.SPI.PIL2","Pillar 2 - Data Services - Score",69.42
"UMIC","Upper middle income",2021,"IQ.SPI.PIL3","Pillar 3 - Data Products - Score",78.61
"UMIC","Upper middle income",2021,"IQ.SPI.PIL4","Pillar 4 - Data Sources - Score",58.65
"UMIC","Upper middle income",2021,"IQ.SPI.PIL5","Pillar 5 - Data Infrastructure - Score",58.49
"UMIC","Upper middle income",2022,"IQ.SPI.OVRL","SPI Overall Score",67.08
"UMIC","Upper middle income",2022,"IQ.SPI.PIL1","Pillar 1  - Data Use - Score",75.62
"UMIC","Upper middle income",2022,"IQ.SPI.PIL2","Pillar 2 - Data Services - Score",68.39
"UMIC","Upper middle income",2022,"IQ.SPI.PIL3","Pillar 3 - Data Products - Score",73.34
"UMIC","Upper middle income",2022,"IQ.SPI.PIL4","Pillar 4 - Data Sources - Score",57.45
"UMIC","Upper middle income",2022,"IQ.SPI.PIL5","Pillar 5 - Data Infrastructure - Score",59.72
"UMIC","Upper middle income",2023,"IQ.SPI.OVRL","SPI Overall Score",67.92
"UMIC","Upper middle income",2023,"IQ.SPI.PIL1","Pillar 1  - Data Use - Score",74.75
"UMIC","Upper middle income",2023,"IQ.SPI.PIL2","Pillar 2 - Data Services - Score",67.13
"UMIC","Upper middle income",2023,"IQ.SPI.PIL3","Pillar 3 - Data Products - Score",75.94
"UMIC","Upper middle income",2023,"IQ.SPI.PIL4","Pillar 4 - Data Sources - Score",57.65
"UMIC","Upper middle income",2023,"IQ.SPI.PIL5","Pillar 5 - Data Infrastructure - Score",63.3
"UMIC","Upper middle income",2024,"IQ.SPI.OVRL","SPI Overall Score",68.62
"UMIC","Upper middle income",2024,"IQ.SPI.PIL1","Pillar 1  - Data Use - Score",76.23
"UMIC","Upper middle income",2024,"IQ.SPI.PIL2","Pillar 2 - Data Services - Score",68.86
"UMIC","Upper middle income",2024,"IQ.SPI.PIL3","Pillar 3 - Data Products - Score",73.15
"UMIC","Upper middle income",2024,"IQ.SPI.PIL4","Pillar 4 - Data Sources - Score",58.82
"UMIC","Upper middle income",2024,"IQ.SPI.PIL5","Pillar 5 - Data Infrastructure - Score",64.91
