"iso3c","iso2c","country","capital","long","lat","regionID","region_iso2c","region","adminID","admin_iso2c","admin","incomeID","income_iso2c","income","lendingID","lending_iso2c","lending","date","NADA","NADA_text","info","IHSN Catalog Template","NADA_working"
"AFG","AF","Afghanistan","Kabul",69.1761,34.5228,"SAS","8S","South Asia","SAS","8S","South Asia","LIC","XM","Low income","IDX","XI","IDA",2023,1,"http://nsia.gov.af/info/surveys-projects","Very limited info available",NA,NA
"AGO","AO","Angola","Luanda",13.242,-8.81155,"SSF","ZG","Sub-Saharan Africa","SSA","ZF","Sub-Saharan Africa (excluding high income)","LMC","XN","Lower middle income","IBD","XF","IBRD",2023,1,"https://www.ine.gov.ao/publicacoes",NA,NA,FALSE
"ALB","AL","Albania","Tirane",19.8172,41.3317,"ECS","Z7","Europe & Central Asia","ECA","7E","Europe & Central Asia (excluding high income)","UMC","XT","Upper middle income","IBD","XF","IBRD",2023,1,"http://databaza.instat.gov.al/pxweb/sq/DST/?rxid=e65fcbe6-b47b-4ca2-bf23-798157a1ad87",NA,NA,NA
"ARG","AR","Argentina","Buenos Aires",-58.4173,-34.6118,"LCN","ZJ","Latin America & Caribbean","LAC","XJ","Latin America & Caribbean (excluding high income)","UMC","XT","Upper middle income","IBD","XF","IBRD",2023,1,"https://www.indec.gob.ar/indec/web/Institucional-Indec-BasesDeDatos",NA,NA,TRUE
"ARM","AM","Armenia","Yerevan",44.509,40.1596,"ECS","Z7","Europe & Central Asia","ECA","7E","Europe & Central Asia (excluding high income)","UMC","XT","Upper middle income","IBD","XF","IBRD",2023,1,"https://www.armstat.am/en/?nid=15",NA,NA,TRUE
"ATG","AG","Antigua and Barbuda","Saint John's",-61.8456,17.1175,"LCN","ZJ","Latin America & Caribbean",NA,NA,NA,"HIC","XD","High income","IBD","XF","IBRD",2023,1,"https://statistics.gov.ag/surveys/list-of-surveys",NA,NA,TRUE
"AZE","AZ","Azerbaijan","Baku",49.8932,40.3834,"ECS","Z7","Europe & Central Asia","ECA","7E","Europe & Central Asia (excluding high income)","UMC","XT","Upper middle income","IBD","XF","IBRD",2023,0,NA,"Previous SPI team found data at https://www.stat.gov.az/source/budget_households/?lang=en, but no longer contains survey metadata",NA,NA
"BDI","BI","Burundi","Bujumbura",29.3639,-3.3784,"SSF","ZG","Sub-Saharan Africa","SSA","ZF","Sub-Saharan Africa (excluding high income)","LIC","XM","Low income","IDX","XI","IDA",2023,0,"https://isteebu.bi/nada/index.php/accueil","Page not working when visited",NA,FALSE
"BEN","BJ","Benin","Porto-Novo",2.6323,6.4779,"SSF","ZG","Sub-Saharan Africa","SSA","ZF","Sub-Saharan Africa (excluding high income)","LIC","XM","Low income","IDX","XI","IDA",2023,1,"http://nada.insae-bj.org/index.php/catalog",NA,"Yes",FALSE
"BFA","BF","Burkina Faso","Ouagadougou",-1.53395,12.3605,"SSF","ZG","Sub-Saharan Africa","SSA","ZF","Sub-Saharan Africa (excluding high income)","LIC","XM","Low income","IDX","XI","IDA",2023,1,"https://nada.insd.bf/index.php/home","Nada page","Yes",NA
"BGD","BD","Bangladesh","Dhaka",90.4113,23.7055,"SAS","8S","South Asia","SAS","8S","South Asia","LMC","XN","Lower middle income","IDX","XI","IDA",2023,1,"http://data.bbs.gov.bd/index.php/catalog/HIES","Main page down with security issue. Some microdata information spread around. http://redatam.bbs.gov.bd/redbin/RpWebEngine.exe/Portal",NA,FALSE
"BGR","BG","Bulgaria","Sofia",23.3238,42.7105,"ECS","Z7","Europe & Central Asia","ECA","7E","Europe & Central Asia (excluding high income)","UMC","XT","Upper middle income","IBD","XF","IBRD",2023,1,"https://www.nsi.bg/en/node/11223","Data is not centralized, but available. https://www.nsi.bg/en/content/3990/labour-force-survey",NA,TRUE
"BIH","BA","Bosnia and Herzegovina","Sarajevo",18.4214,43.8607,"ECS","Z7","Europe & Central Asia","ECA","7E","Europe & Central Asia (excluding high income)","UMC","XT","Upper middle income","IBD","XF","IBRD",2023,1,"http://www.bhas.ba/?option=com_content&view=article&id=113=en","Documents not centralized, but details on surveys are available. https://bhas.gov.ba/data/Publikacije/Metodologije/LAB_01_2022_MD_0_BS.pdf",NA,TRUE
"BLR","BY","Belarus","Minsk",27.5766,53.9678,"ECS","Z7","Europe & Central Asia","ECA","7E","Europe & Central Asia (excluding high income)","UMC","XT","Upper middle income","IBD","XF","IBRD",2023,0,NA,"Current page features tables/charts, but not microdata information or metadata.  URL evaluated was https://www.belstat.gov.by/en/ofitsialnaya-statistika/Demographic-and-social-statistics/",NA,NA
"BLZ","BZ","Belize","Belmopan",-88.7713,17.2534,"LCN","ZJ","Latin America & Caribbean","LAC","XJ","Latin America & Caribbean (excluding high income)","UMC","XT","Upper middle income","IBD","XF","IBRD",2023,1,"https://sib.org.bz/data-portals/microdata/","Contents are listed, but requires registration for access",NA,TRUE
"BOL","BO","Bolivia","La Paz",-66.1936,-13.9908,"LCN","ZJ","Latin America & Caribbean","LAC","XJ","Latin America & Caribbean (excluding high income)","LMC","XN","Lower middle income","IBD","XF","IBRD",2023,1,"https://anda.ine.gob.bo/index.php/home",NA,"Yes",NA
"BRA","BR","Brazil","Brasilia",-47.9292,-15.7801,"LCN","ZJ","Latin America & Caribbean","LAC","XJ","Latin America & Caribbean (excluding high income)","UMC","XT","Upper middle income","IBD","XF","IBRD",2023,1,"https://www.ibge.gov.br/en/statistics/full-list-statistics.html",NA,NA,TRUE
"BTN","BT","Bhutan","Thimphu",89.6177,27.5768,"SAS","8S","South Asia","SAS","8S","South Asia","LMC","XN","Lower middle income","IDX","XI","IDA",2023,1,"https://www.nsb.gov.bt/metadata/2020-lfs/","Survey metadata available for select surveys, such as https://www.nsb.gov.bt/metadata/2020-lfs/. Data also available by request at https://www.nsb.gov.bt/services/statistical-data-request/",NA,TRUE
"BWA","BW","Botswana","Gaborone",25.9201,-24.6544,"SSF","ZG","Sub-Saharan Africa","SSA","ZF","Sub-Saharan Africa (excluding high income)","UMC","XT","Upper middle income","IBD","XF","IBRD",2023,1,"https://microdata.statsbots.org.bw/index.php/catalog",NA,"Yes",NA
"CAF","CF","Central African Republic","Bangui",21.6407,5.63056,"SSF","ZG","Sub-Saharan Africa","SSA","ZF","Sub-Saharan Africa (excluding high income)","LIC","XM","Low income","IDX","XI","IDA",2023,1,"https://icasees.org/nada/index.php/catalog",NA,"Yes",FALSE
"CHL","CL","Chile","Santiago",-70.6475,-33.475,"LCN","ZJ","Latin America & Caribbean",NA,NA,NA,"HIC","XD","High income","IBD","XF","IBRD",2023,1,"https://datosabiertos.ine.cl/search/",NA,NA,NA
"CHN","CN","China","Beijing",116.286,40.0495,"EAS","Z4","East Asia & Pacific","EAP","4E","East Asia & Pacific (excluding high income)","UMC","XT","Upper middle income","IBD","XF","IBRD",2023,0,NA,NA,NA,NA
"CIV","CI","Cote d'Ivoire","Yamoussoukro",-4.0305,5.332,"SSF","ZG","Sub-Saharan Africa","SSA","ZF","Sub-Saharan Africa (excluding high income)","LMC","XN","Lower middle income","IDX","XI","IDA",2023,1,"http://www.ins.ci/n/nada/index.php/accueil","Page not working when visited",NA,TRUE
"CMR","CM","Cameroon","Yaounde",11.5174,3.8721,"SSF","ZG","Sub-Saharan Africa","SSA","ZF","Sub-Saharan Africa (excluding high income)","LMC","XN","Lower middle income","IDB","XH","Blend",2023,1,"http://slmp-550-104.slc.westdc.net/~stat54/nada/index.php/catalog",NA,"Yes",NA
"COD","CD","Congo, Dem. Rep.","Kinshasa",15.3222,-4.325,"SSF","ZG","Sub-Saharan Africa","SSA","ZF","Sub-Saharan Africa (excluding high income)","LIC","XM","Low income","IDX","XI","IDA",2023,1,"http://ins.mkbco.pro/Enquetes",NA,NA,FALSE
"COG","CG","Congo, Rep.","Brazzaville",15.2662,-4.2767,"SSF","ZG","Sub-Saharan Africa","SSA","ZF","Sub-Saharan Africa (excluding high income)","LMC","XN","Lower middle income","IDB","XH","Blend",2023,0,NA,"site doesn't seem to work",NA,NA
"COL","CO","Colombia","Bogota",-74.082,4.60987,"LCN","ZJ","Latin America & Caribbean","LAC","XJ","Latin America & Caribbean (excluding high income)","UMC","XT","Upper middle income","IBD","XF","IBRD",2023,1,"https://microdatos.dane.gov.co/index.php/catalog/central/about",NA,"Yes",FALSE
"COM","KM","Comoros","Moroni",43.2418,-11.6986,"SSF","ZG","Sub-Saharan Africa","SSA","ZF","Sub-Saharan Africa (excluding high income)","LMC","XN","Lower middle income","IDX","XI","IDA",2023,0,"http://www.inseed.km/index.php/publications/bases-de-donnees","Page not working when visited",NA,FALSE
"CPV","CV","Cabo Verde","Praia",-23.5087,14.9218,"SSF","ZG","Sub-Saharan Africa","SSA","ZF","Sub-Saharan Africa (excluding high income)","LMC","XN","Lower middle income","IDB","XH","Blend",2023,0,NA,"Page did not feature survey metadata. Page visited was http://bdmi.ine.cv/indexBDMI.aspx",NA,NA
"CRI","CR","Costa Rica","San Jose",-84.0089,9.63701,"LCN","ZJ","Latin America & Caribbean","LAC","XJ","Latin America & Caribbean (excluding high income)","UMC","XT","Upper middle income","IBD","XF","IBRD",2023,1,"https://inec.cr/estadisticas-fuentes/encuestas",NA,NA,FALSE
"DJI","DJ","Djibouti","Djibouti",43.1425,11.5806,"MEA","ZQ","Middle East & North Africa","MNA","XQ","Middle East & North Africa (excluding high income)","LMC","XN","Lower middle income","IDX","XI","IDA",2023,0,NA,"No information available. Checked this site: http://www.ministere-finances.dj/le_ministere_organstat.html as well as this site: http://www.ministere-finances.dj/STATISTIQUES.html",NA,NA
"DMA","DM","Dominica","Roseau",-61.39,15.2976,"LCN","ZJ","Latin America & Caribbean","LAC","XJ","Latin America & Caribbean (excluding high income)","UMC","XT","Upper middle income","IDB","XH","Blend",2023,0,NA,"A list of surveys is available, but no metadata. https://stats.gov.dm/survey/list-of-surveys/",NA,NA
"DOM","DO","Dominican Republic","Santo Domingo",-69.8908,18.479,"LCN","ZJ","Latin America & Caribbean","LAC","XJ","Latin America & Caribbean (excluding high income)","UMC","XT","Upper middle income","IBD","XF","IBRD",2023,1,"https://www.one.gob.do/datos-y-estadisticas/","Webpage contains list of surveys with background information available",NA,TRUE
"DZA","DZ","Algeria","Algiers",3.05097,36.7397,"MEA","ZQ","Middle East & North Africa","MNA","XQ","Middle East & North Africa (excluding high income)","UMC","XT","Upper middle income","IBD","XF","IBRD",2023,1,NA,"Some information is available here: https://www.ons.dz/spip.php?rubrique3. Some links lack much metadata, but others have detailed reports",NA,NA
"ECU","EC","Ecuador","Quito",-78.5243,-0.2295,"LCN","ZJ","Latin America & Caribbean","LAC","XJ","Latin America & Caribbean (excluding high income)","UMC","XT","Upper middle income","IBD","XF","IBRD",2023,1,"https://anda.inec.gob.ec/anda/index.php/catalog",NA,"Yes",TRUE
"EGY","EG","Egypt, Arab Rep.","Cairo",31.2461,30.0982,"MEA","ZQ","Middle East & North Africa","MNA","XQ","Middle East & North Africa (excluding high income)","LMC","XN","Lower middle income","IBD","XF","IBRD",2023,1,"https://censusinfo.capmas.gov.eg/Metadata-ar-v4.2/index.php/catalog",NA,"Yes",TRUE
"ERI","ER","Eritrea","Asmara",38.9183,15.3315,"SSF","ZG","Sub-Saharan Africa","SSA","ZF","Sub-Saharan Africa (excluding high income)","LIC","XM","Low income","IDX","XI","IDA",2023,0,NA,NA,NA,NA
"ETH","ET","Ethiopia","Addis Ababa",38.7468,9.02274,"SSF","ZG","Sub-Saharan Africa","SSA","ZF","Sub-Saharan Africa (excluding high income)","LIC","XM","Low income","IDX","XI","IDA",2023,1,"https://www.statsethiopia.gov.et/our-survey-reports/","new NSO webpage",NA,NA
"FJI","FJ","Fiji","Suva",178.399,-18.1149,"EAS","Z4","East Asia & Pacific","EAP","4E","East Asia & Pacific (excluding high income)","UMC","XT","Upper middle income","IDB","XH","Blend",2023,1,"https://www.statsfiji.gov.fj/statistics/population-censuses-and-surveys.html","Listing of pdf reports available. Also available here: https://microdata.pacificdata.org/index.php/collections/FJI",NA,FALSE
"FSM","FM","Micronesia, Fed. Sts.","Palikir",158.185,6.91771,"EAS","Z4","East Asia & Pacific","EAP","4E","East Asia & Pacific (excluding high income)","LMC","XN","Lower middle income","IDX","XI","IDA",2023,1,"https://microdata.pacificdata.org/index.php/catalog/FSM/about",NA,NA,TRUE
"GAB","GA","Gabon","Libreville",9.45162,0.38832,"SSF","ZG","Sub-Saharan Africa","SSA","ZF","Sub-Saharan Africa (excluding high income)","UMC","XT","Upper middle income","IBD","XF","IBRD",2023,0,NA,"Page not working when visited",NA,NA
"GEO","GE","Georgia","Tbilisi",44.793,41.71,"ECS","Z7","Europe & Central Asia","ECA","7E","Europe & Central Asia (excluding high income)","UMC","XT","Upper middle income","IBD","XF","IBRD",2023,1,"https://www.geostat.ge/ka/modules/categories/127/monatsemta-bazebi",NA,NA,TRUE
"GHA","GH","Ghana","Accra",-0.20795,5.57045,"SSF","ZG","Sub-Saharan Africa","SSA","ZF","Sub-Saharan Africa (excluding high income)","LMC","XN","Lower middle income","IDX","XI","IDA",2023,1,"https://statsghana.gov.gh/gsspublications.php?category=MTAwMjg3Mzk3NC4zMDc=/webstats/1opr93rn57","Contains pdf survey reports",NA,TRUE
"GIN","GN","Guinea","Conakry",-13.7,9.51667,"SSF","ZG","Sub-Saharan Africa","SSA","ZF","Sub-Saharan Africa (excluding high income)","LIC","XM","Low income","IDX","XI","IDA",2023,0,"http://www.stat-guinee.org/nada/index.php/catalog","Page not working when visited",NA,FALSE
"GMB","GM","Gambia, The","Banjul",-16.5885,13.4495,"SSF","ZG","Sub-Saharan Africa","SSA","ZF","Sub-Saharan Africa (excluding high income)","LIC","XM","Low income","IDX","XI","IDA",2023,1,"https://www.gbosdata.org/downloads/microdata-and-survey-documentations-77",NA,NA,TRUE
"GNB","GW","Guinea-Bissau","Bissau",-15.1804,11.8037,"SSF","ZG","Sub-Saharan Africa","SSA","ZF","Sub-Saharan Africa (excluding high income)","LIC","XM","Low income","IDX","XI","IDA",2023,0,"https://www.stat-guinebissau.com/nada41/index.php","Page not working when visited",NA,FALSE
"GNQ","GQ","Equatorial Guinea","Malabo",8.7741,3.7523,"SSF","ZG","Sub-Saharan Africa","SSA","ZF","Sub-Saharan Africa (excluding high income)","UMC","XT","Upper middle income","IBD","XF","IBRD",2023,0,NA,"Link no longer works: http://digestyc.microdatahub.com/index.php/home",NA,NA
"GRD","GD","Grenada","Saint George's",-61.7449,12.0653,"LCN","ZJ","Latin America & Caribbean","LAC","XJ","Latin America & Caribbean (excluding high income)","UMC","XT","Upper middle income","IDB","XH","Blend",2023,0,NA,"The website has a list of ongoing surveys, but lacks detailed survey metadata. https://stats.gov.gd/survey/list-of-surveys/",NA,NA
"GTM","GT","Guatemala","Guatemala City",-90.5328,14.6248,"LCN","ZJ","Latin America & Caribbean","LAC","XJ","Latin America & Caribbean (excluding high income)","UMC","XT","Upper middle income","IBD","XF","IBRD",2023,1,"https://datos.ine.gob.gt/organization/departamento-de-censos-y-encuestas",NA,NA,TRUE
"GUY","GY","Guyana","Georgetown",-58.1548,6.80461,"LCN","ZJ","Latin America & Caribbean","LAC","XJ","Latin America & Caribbean (excluding high income)","UMC","XT","Upper middle income","IDX","XI","IDA",2023,1,"https://statisticsguyana.gov.gy/surveys/",NA,NA,FALSE
"HND","HN","Honduras","Tegucigalpa",-87.4667,15.1333,"LCN","ZJ","Latin America & Caribbean","LAC","XJ","Latin America & Caribbean (excluding high income)","LMC","XN","Lower middle income","IDX","XI","IDA",2023,1,"https://ine.gob.hn/v4/ephpm/",NA,NA,FALSE
"HRV","HR","Croatia","Zagreb",15.9614,45.8069,"ECS","Z7","Europe & Central Asia",NA,NA,NA,"HIC","XD","High income","IBD","XF","IBRD",2023,1,"https://podaci.dzs.hr/en/mikropodaci-obrazovne-svrhe/","User must register to access",NA,NA
"HTI","HT","Haiti","Port-au-Prince",-72.3288,18.5392,"LCN","ZJ","Latin America & Caribbean","LAC","XJ","Latin America & Caribbean (excluding high income)","LIC","XM","Low income","IDX","XI","IDA",2023,0,NA,NA,NA,NA
"IDN","ID","Indonesia","Jakarta",106.83,-6.19752,"EAS","Z4","East Asia & Pacific","EAP","4E","East Asia & Pacific (excluding high income)","LMC","XN","Lower middle income","IBD","XF","IBRD",2023,1,"https://perpustakaan.bps.go.id/opac/","main NSO page has metadata on data sources.  Portal requires users to register, but works",NA,TRUE
"IND","IN","India","New Delhi",77.225,28.6353,"SAS","8S","South Asia","SAS","8S","South Asia","LMC","XN","Lower middle income","IBD","XF","IBRD",2023,1,"http://microdata.gov.in/nada43/index.php/home",NA,"Yes",FALSE
"IRN","IR","Iran, Islamic Rep.","Tehran",51.4447,35.6878,"MEA","ZQ","Middle East & North Africa","MNA","XQ","Middle East & North Africa (excluding high income)","UMC","XT","Upper middle income","IBD","XF","IBRD",2023,1,"https://www.amar.org.ir/english/Metadata/Statistical-Survey/Labor-Force","Metadata is available for some surveys.",NA,NA
"IRQ","IQ","Iraq","Baghdad",44.394,33.3302,"MEA","ZQ","Middle East & North Africa","MNA","XQ","Middle East & North Africa (excluding high income)","UMC","XT","Upper middle income","IBD","XF","IBRD",2023,1,"https://cosit.gov.iq/ar/2018-12-20-05-52-15","Metadata is available for some surveys.",NA,TRUE
"JAM","JM","Jamaica","Kingston",-76.792,17.9927,"LCN","ZJ","Latin America & Caribbean","LAC","XJ","Latin America & Caribbean (excluding high income)","UMC","XT","Upper middle income","IBD","XF","IBRD",2023,1,"https://statinja.gov.jm/Methodology.aspx#METH","Information available about some surveys in PDF",NA,TRUE
"JOR","JO","Jordan","Amman",35.9263,31.9497,"MEA","ZQ","Middle East & North Africa","MNA","XQ","Middle East & North Africa (excluding high income)","UMC","XT","Upper middle income","IBD","XF","IBRD",2023,1,"http://www.erfdataportal.com/index.php/","Maintained by private",NA,TRUE
"KAZ","KZ","Kazakhstan","Astana",71.4382,51.1879,"ECS","Z7","Europe & Central Asia","ECA","7E","Europe & Central Asia (excluding high income)","UMC","XT","Upper middle income","IBD","XF","IBRD",2023,1,"https://stat.gov.kz/en/methodology/25847/","Webpage contains information on general methodology for conducting survey, list of currently available surveys with associated metadata, and instructions for how to access",NA,TRUE
"KEN","KE","Kenya","Nairobi",36.8126,-1.27975,"SSF","ZG","Sub-Saharan Africa","SSA","ZF","Sub-Saharan Africa (excluding high income)","LMC","XN","Lower middle income","IDB","XH","Blend",2023,1,"https://statistics.knbs.or.ke/nada/index.php/home",NA,"Yes",TRUE
"KGZ","KG","Kyrgyz Republic","Bishkek",74.6057,42.8851,"ECS","Z7","Europe & Central Asia","ECA","7E","Europe & Central Asia (excluding high income)","LMC","XN","Lower middle income","IDX","XI","IDA",2023,0,NA,"Page lacks detail on methodology and sample for each survey conducted. http://www.stat.kg/en/opendata/",NA,NA
"KHM","KH","Cambodia","Phnom Penh",104.874,11.5556,"EAS","Z4","East Asia & Pacific","EAP","4E","East Asia & Pacific (excluding high income)","LMC","XN","Lower middle income","IDX","XI","IDA",2023,1,"http://nada.nis.gov.kh/index.php/home/",NA,"Yes",FALSE
"KIR","KI","Kiribati","Tarawa",172.979,1.32905,"EAS","Z4","East Asia & Pacific","EAP","4E","East Asia & Pacific (excluding high income)","LMC","XN","Lower middle income","IDX","XI","IDA",2023,1,"https://microdata.pacificdata.org/index.php/catalog/KIR/about",NA,"Yes",TRUE
"KNA","KN","St. Kitts and Nevis","Basseterre",-62.7309,17.3,"LCN","ZJ","Latin America & Caribbean",NA,NA,NA,"HIC","XD","High income","IBD","XF","IBRD",2023,0,NA,"Page doesn't contain details on survey metata for surveys. Provides overviews only, but no details on sampling/methodology. https://www.stats.gov.kn/surveys/",NA,NA
"LAO","LA","Lao PDR","Vientiane",102.177,18.5826,"EAS","Z4","East Asia & Pacific","EAP","4E","East Asia & Pacific (excluding high income)","LMC","XN","Lower middle income","IDX","XI","IDA",2023,1,"https://laosis.lsb.gov.la/board/BoardList.do?rootId=2103000&menuId=2103101&lang=lo&bbs_bbsid=B404&keyword=&searchType=undefined","Contains pdf survey reports, as well as some other pages with survey information. https://laosis.lsb.gov.la/board/BoardList.do?rootId=2103000&menuId=2103101&lang=lo&bbs_bbsid=B404&keyword=&searchType=undefined",NA,TRUE
"LBN","LB","Lebanon","Beirut",35.5134,33.8872,"MEA","ZQ","Middle East & North Africa","MNA","XQ","Middle East & North Africa (excluding high income)","UMC","XT","Upper middle income","IBD","XF","IBRD",2023,1,"http://www.cas.gov.lb/index.php/library-en","Contains pdf survey reports",NA,TRUE
"LBR","LR","Liberia","Monrovia",-10.7957,6.30039,"SSF","ZG","Sub-Saharan Africa","SSA","ZF","Sub-Saharan Africa (excluding high income)","LIC","XM","Low income","IDX","XI","IDA",2023,1,"https://www.lisgis.gov.lr/surveys.php","very basic metadata portal available with links to pdf reports for some surveys",NA,NA
"LBY","LY","Libya","Tripoli",13.1072,32.8578,"MEA","ZQ","Middle East & North Africa","MNA","XQ","Middle East & North Africa (excluding high income)","UMC","XT","Upper middle income","IBD","XF","IBRD",2023,1,"https://bsc.ly/social_statistics/","Page contains pdf reports of surveys",NA,TRUE
"LCA","LC","St. Lucia","Castries",-60.9832,14,"LCN","ZJ","Latin America & Caribbean","LAC","XJ","Latin America & Caribbean (excluding high income)","UMC","XT","Upper middle income","IDB","XH","Blend",2023,1,"https://stats.gov.lc/methods/metadata/","Page contains pdf reports of surveys",NA,TRUE
"LKA","LK","Sri Lanka","Colombo",79.8528,6.92148,"SAS","8S","South Asia","SAS","8S","South Asia","UMC","XT","Upper middle income","IBD","XF","IBRD",2023,1,"http://nada.statistics.gov.lk/index.php/catalog/central",NA,"Yes",TRUE
"LSO","LS","Lesotho","Maseru",27.7167,-29.5208,"SSF","ZG","Sub-Saharan Africa","SSA","ZF","Sub-Saharan Africa (excluding high income)","LMC","XN","Lower middle income","IDX","XI","IDA",2023,0,"http://www.bos.gov.ls/microdata/","microdata page listed on website, but not working",NA,FALSE
"MAR","MA","Morocco","Rabat",-6.8704,33.9905,"MEA","ZQ","Middle East & North Africa","MNA","XQ","Middle East & North Africa (excluding high income)","LMC","XN","Lower middle income","IBD","XF","IBRD",2023,1,"https://www.hcp.ma/Micro-donnees-Open-data_r632.html","Microdata available for some surveys, plus metadata files",NA,TRUE
"MDA","MD","Moldova","Chisinau",28.8497,47.0167,"ECS","Z7","Europe & Central Asia","ECA","7E","Europe & Central Asia (excluding high income)","LMC","XN","Lower middle income","IDB","XH","Blend",2023,1,"https://statistica.gov.md/pageview.php?l=en&idc=430&",NA,NA,TRUE
"MDG","MG","Madagascar","Antananarivo",45.7167,-20.4667,"SSF","ZG","Sub-Saharan Africa","SSA","ZF","Sub-Saharan Africa (excluding high income)","LIC","XM","Low income","IDX","XI","IDA",2023,1,"https://instat.mg/statistiques/enquetes-et-recensements","Site contains links to reports on surveys",NA,NA
"MDV","MV","Maldives","Male",73.5109,4.1742,"SAS","8S","South Asia","SAS","8S","South Asia","UMC","XT","Upper middle income","IDX","XI","IDA",2023,1,"http://statisticsmaldives.gov.mv/","site contains list of surveys with pdf info on sampling.",NA,TRUE
"MEX","MX","Mexico","Mexico City",-99.1276,19.427,"LCN","ZJ","Latin America & Caribbean","LAC","XJ","Latin America & Caribbean (excluding high income)","UMC","XT","Upper middle income","IBD","XF","IBRD",2023,1,"http://www3.inegi.org.mx/rnm/index.php/catalog","Site contains detailed documentation an d microdata for several surveys",NA,TRUE
"MHL","MH","Marshall Islands","Majuro",171.135,7.11046,"EAS","Z4","East Asia & Pacific","EAP","4E","East Asia & Pacific (excluding high income)","UMC","XT","Upper middle income","IDX","XI","IDA",2023,1,"https://microdata.pacificdata.org/index.php/catalog/MHL/about",NA,"Yes",TRUE
"MKD","MK","North Macedonia","Skopje",21.4361,42.0024,"ECS","Z7","Europe & Central Asia","ECA","7E","Europe & Central Asia (excluding high income)","UMC","XT","Upper middle income","IBD","XF","IBRD",2023,1,"http://www.stat.gov.mk/PublikaciiPoOblasti_en.aspx","site contains list of surveys with pdf info on sampling.",NA,TRUE
"MLI","ML","Mali","Bamako",-7.50034,13.5667,"SSF","ZG","Sub-Saharan Africa","SSA","ZF","Sub-Saharan Africa (excluding high income)","LIC","XM","Low income","IDX","XI","IDA",2023,1,"http://www.instat-mali.org/nada/index.php/catalog",NA,"Yes",TRUE
"MMR","MM","Myanmar","Naypyidaw",95.9562,21.914,"EAS","Z4","East Asia & Pacific","EAP","4E","East Asia & Pacific (excluding high income)","LMC","XN","Lower middle income","IDX","XI","IDA",2023,1,"https://www.csostat.gov.mm/InformationAndReport/SurveyReport","PDF survey reports are available",NA,TRUE
"MNE","ME","Montenegro","Podgorica",19.2595,42.4602,"ECS","Z7","Europe & Central Asia","ECA","7E","Europe & Central Asia (excluding high income)","UMC","XT","Upper middle income","IBD","XF","IBRD",2023,1,"http://www.monstat.org/eng/page.php?id=1001&pageid=1001","HTML pages with survey information",NA,TRUE
"MNG","MN","Mongolia","Ulaanbaatar",106.937,47.9129,"EAS","Z4","East Asia & Pacific","EAP","4E","East Asia & Pacific (excluding high income)","LMC","XN","Lower middle income","IDB","XH","Blend",2023,1,"http://web.nso.mn/nada/index.php/catalog",NA,"Yes",TRUE
"MOZ","MZ","Mozambique","Maputo",32.5713,-25.9664,"SSF","ZG","Sub-Saharan Africa","SSA","ZF","Sub-Saharan Africa (excluding high income)","LIC","XM","Low income","IDX","XI","IDA",2023,1,"https://mozdata.ine.gov.mz/index.php/home",NA,"Yes",NA
"MRT","MR","Mauritania","Nouakchott",-15.9824,18.2367,"SSF","ZG","Sub-Saharan Africa","SSA","ZF","Sub-Saharan Africa (excluding high income)","LMC","XN","Lower middle income","IDX","XI","IDA",2023,1,"https://ons.mr/anadrim/index.php/catalog","Page doesn't seem to function optimally. Some pages don't load","Yes",NA
"MUS","MU","Mauritius","Port Louis",57.4977,-20.1605,"SSF","ZG","Sub-Saharan Africa","SSA","ZF","Sub-Saharan Africa (excluding high income)","UMC","XT","Upper middle income","IBD","XF","IBRD",2023,1,"https://statsmauritius.govmu.org/Pages/Censuses%20and%20Surveys/CensusandSurveys.aspx","NADA page no longer working (http://nada.statsmauritius.govmu.org/index.php/catalog), but main page contains detailed info on several surveys.",NA,TRUE
"MWI","MW","Malawi","Lilongwe",33.7703,-13.9899,"SSF","ZG","Sub-Saharan Africa","SSA","ZF","Sub-Saharan Africa (excluding high income)","LIC","XM","Low income","IDX","XI","IDA",2023,1,"http://www.nada.nsomalawi.mw/home","Site not working when checked, but main NSO page (http://www.nsomalawi.mw/) has links to microdata source (e.g. DHS).",NA,FALSE
"MYS","MY","Malaysia","Kuala Lumpur",101.684,3.12433,"EAS","Z4","East Asia & Pacific","EAP","4E","East Asia & Pacific (excluding high income)","UMC","XT","Upper middle income","IBD","XF","IBRD",2023,1,"https://www.dosm.gov.my/portal-main/census-surveys-category","Site contains pdf reports of surveys conducted",NA,FALSE
"NAM",NA,"Namibia","Windhoek",17.0931,-22.5648,"SSF","ZG","Sub-Saharan Africa","SSA","ZF","Sub-Saharan Africa (excluding high income)","UMC","XT","Upper middle income","IBD","XF","IBRD",2023,1,"https://nada.nsa.org.na/index.php/catalog",NA,"Yes",TRUE
"NER","NE","Niger","Niamey",2.1073,13.514,"SSF","ZG","Sub-Saharan Africa","SSA","ZF","Sub-Saharan Africa (excluding high income)","LIC","XM","Low income","IDX","XI","IDA",2023,1,"https://www.stat-niger.org/anado/index.php/catalog",NA,"Yes",TRUE
"NGA","NG","Nigeria","Abuja",7.48906,9.05804,"SSF","ZG","Sub-Saharan Africa","SSA","ZF","Sub-Saharan Africa (excluding high income)","LMC","XN","Lower middle income","IDB","XH","Blend",2023,1,"http://www.nigerianstat.gov.ng/nada/index.php/catalog",NA,"Yes",FALSE
"NIC","NI","Nicaragua","Managua",-86.2734,12.1475,"LCN","ZJ","Latin America & Caribbean","LAC","XJ","Latin America & Caribbean (excluding high income)","LMC","XN","Lower middle income","IDX","XI","IDA",2023,1,"https://www.inide.gob.ni/endesa/Endesa11_12/BaseEndesa11.html","Microdata available on main NSO page through links.  No consolidated database of metadata",NA,FALSE
"NPL","NP","Nepal","Kathmandu",85.3157,27.6939,"SAS","8S","South Asia","SAS","8S","South Asia","LIC","XM","Low income","IDX","XI","IDA",2023,1,"https://microdata.nsonepal.gov.np/index.php/home",NA,NA,NA
"NRU","NR","Nauru","Yaren District",166.9209,-0.5477,"EAS","Z4","East Asia & Pacific","EAP","4E","East Asia & Pacific (excluding high income)","UMC","XT","Upper middle income","IBD","XF","IBRD",2023,1,"https://microdata.pacificdata.org/index.php/catalog/NRU/about",NA,"Yes",TRUE
"PAK","PK","Pakistan","Islamabad",72.8,30.5167,"SAS","8S","South Asia","SAS","8S","South Asia","LMC","XN","Lower middle income","IDB","XH","Blend",2023,1,"http://www.pbs.gov.pk/content/microdata","PDF survey reports are available",NA,TRUE
"PAN","PA","Panama","Panama City",-79.5188,8.99427,"LCN","ZJ","Latin America & Caribbean",NA,NA,NA,"HIC","XD","High income","IBD","XF","IBRD",2023,1,"https://www.inec.gob.pa/aplicaciones/Default2.aspx?ID_CATEGORIA_APLICACIONES=1&ID_IDIOMA=1","webpages are available for several surveys",NA,TRUE
"PER","PE","Peru","Lima",-77.0465,-12.0931,"LCN","ZJ","Latin America & Caribbean","LAC","XJ","Latin America & Caribbean (excluding high income)","UMC","XT","Upper middle income","IBD","XF","IBRD",2023,1,"http://webinei.inei.gob.pe/anda_inei/index.php/catalog","Old portal did not function, but there is an alternative portal: https://proyectos.inei.gob.pe/microdatos/",NA,NA
"PHL","PH","Philippines","Manila",121.035,14.5515,"EAS","Z4","East Asia & Pacific","EAP","4E","East Asia & Pacific (excluding high income)","LMC","XN","Lower middle income","IBD","XF","IBRD",2023,1,"http://psada.psa.gov.ph/index.php/catalog",NA,"Yes",TRUE
"PLW","PW","Palau","Koror",134.479,7.34194,"EAS","Z4","East Asia & Pacific",NA,NA,NA,"HIC","XD","High income","IBD","XF","IBRD",2023,1,"https://microdata.pacificdata.org/index.php/catalog/PLW/about",NA,"Yes",TRUE
"PNG","PG","Papua New Guinea","Port Moresby",147.194,-9.47357,"EAS","Z4","East Asia & Pacific","EAP","4E","East Asia & Pacific (excluding high income)","LMC","XN","Lower middle income","IDB","XH","Blend",2023,1,"https://www.nso.gov.pg/census-surveys/demographic-and-health-survey/","Have links to pdf report for surveys with details on how conducted",NA,TRUE
"POL","PL","Poland","Warsaw",21.02,52.26,"ECS","Z7","Europe & Central Asia",NA,NA,NA,"HIC","XD","High income","IBD","XF","IBRD",2023,1,"https://stat.gov.pl/publikacje/publikacje-a-z/","Metadata available as pdf reports",NA,TRUE
"PRY","PY","Paraguay","Asuncion",-57.6362,-25.3005,"LCN","ZJ","Latin America & Caribbean","LAC","XJ","Latin America & Caribbean (excluding high income)","UMC","XT","Upper middle income","IBD","XF","IBRD",2023,1,"https://www.ine.gov.py/microdatos/microdatos.php","microdata is available wth metadata",NA,NA
"PSE","PS","West Bank and Gaza",NA,NA,NA,"MEA","ZQ","Middle East & North Africa","MNA","XQ","Middle East & North Africa (excluding high income)","LMC","XN","Lower middle income","LNX","XX","Not classified",2023,1,"https://www.pcbs.gov.ps/PCBS-Metadata-ar-v5.2/index.php/catalog/?page=1&ps=15",NA,"Yes",NA
"ROU","RO","Romania","Bucharest",26.0979,44.4479,"ECS","Z7","Europe & Central Asia","ECA","7E","Europe & Central Asia (excluding high income)","UMC","XT","Upper middle income","IBD","XF","IBRD",2023,1,"https://insse.ro/cms/ro/content/chestionare-statistice","microdata not available, but pdf reports of surveys are available",NA,FALSE
"RUS","RU","Russian Federation","Moscow",37.6176,55.7558,"ECS","Z7","Europe & Central Asia","ECA","7E","Europe & Central Asia (excluding high income)","UMC","XT","Upper middle income","IBD","XF","IBRD",2023,1,"https://rosstat.gov.ru/itog_inspect","Metadata available, with links to data files",NA,NA
"RWA","RW","Rwanda","Kigali",30.0587,-1.95325,"SSF","ZG","Sub-Saharan Africa","SSA","ZF","Sub-Saharan Africa (excluding high income)","LIC","XM","Low income","IDX","XI","IDA",2023,1,"https://microdata.statistics.gov.rw/index.php/catalog",NA,"Yes",TRUE
"SDN","SD","Sudan","Khartoum",32.5363,15.5932,"SSF","ZG","Sub-Saharan Africa","SSA","ZF","Sub-Saharan Africa (excluding high income)","LMC","XN","Lower middle income","IDX","XI","IDA",2023,1,"http://196.29.166.241/CBS-Metadata-en-v4.2/index.php/catalog","Site not working when checked",NA,NA
"SEN","SN","Senegal","Dakar",-17.4734,14.7247,"SSF","ZG","Sub-Saharan Africa","SSA","ZF","Sub-Saharan Africa (excluding high income)","LMC","XN","Lower middle income","IDX","XI","IDA",2023,1,"http://anads.ansd.sn/index.php/catalog",NA,"Yes",TRUE
"SLB","SB","Solomon Islands","Honiara",159.949,-9.42676,"EAS","Z4","East Asia & Pacific","EAP","4E","East Asia & Pacific (excluding high income)","LMC","XN","Lower middle income","IDX","XI","IDA",2023,1,"https://microdata.pacificdata.org/index.php/collections/SLB",NA,"Yes",TRUE
"SLE","SL","Sierra Leone","Freetown",-13.2134,8.4821,"SSF","ZG","Sub-Saharan Africa","SSA","ZF","Sub-Saharan Africa (excluding high income)","LIC","XM","Low income","IDX","XI","IDA",2023,1,"https://www.statistics.sl/index.php/surveys/completed-surveys.html","NADA page no longer working (http://microdata.statistics.sl/index.php/catalog), but pdfs are available with data for some surveys",NA,TRUE
"SLV","SV","El Salvador","San Salvador",-89.2073,13.7034,"LCN","ZJ","Latin America & Caribbean","LAC","XJ","Latin America & Caribbean (excluding high income)","LMC","XN","Lower middle income","IBD","XF","IBRD",2023,1,"https://onec.bcr.gob.sv/metadatos/index.php/home",NA,"Yes",NA
"SOM","SO","Somalia","Mogadishu",45.3254,2.07515,"SSF","ZG","Sub-Saharan Africa","SSA","ZF","Sub-Saharan Africa (excluding high income)","LIC","XM","Low income","IDX","XI","IDA",2023,1,"https://microdata.nbs.gov.so/index.php/home",NA,"Yes",TRUE
"SRB","RS","Serbia","Belgrade",20.4656,44.8024,"ECS","Z7","Europe & Central Asia","ECA","7E","Europe & Central Asia (excluding high income)","UMC","XT","Upper middle income","IBD","XF","IBRD",2023,1,"https://www.stat.gov.rs/en-us/istrazivanja/referentni-metapodaci/","Microdata access available here:  https://www.stat.gov.rs/en-us/korisnicka-podrska/micropodaci/",NA,TRUE
"SSD","SS","South Sudan","Juba",31.6,4.85,"SSF","ZG","Sub-Saharan Africa","SSA","ZF","Sub-Saharan Africa (excluding high income)","LIC","XM","Low income","IDX","XI","IDA",2023,0,NA,"Site no longer works to access microdata (http://ssnbs.microdatahub.com/index.php/catalog)",NA,NA
"STP","ST","Sao Tome and Principe","Sao Tome",6.6071,0.20618,"SSF","ZG","Sub-Saharan Africa","SSA","ZF","Sub-Saharan Africa (excluding high income)","LMC","XN","Lower middle income","IDX","XI","IDA",2023,1,"https://www.ine.st/index.php/informacoes-estatisticas/inqueritos/mics","Links to MICS reports available",NA,TRUE
"SUR","SR","Suriname","Paramaribo",-55.1679,5.8232,"LCN","ZJ","Latin America & Caribbean","LAC","XJ","Latin America & Caribbean (excluding high income)","UMC","XT","Upper middle income","IBD","XF","IBRD",2023,1,"https://statistics-suriname.org/nl/huishoudonderzoeken-in-suriname/","links to PDF reports are available",NA,TRUE
"SWZ","SZ","Eswatini","Mbabane",31.4659,-26.5225,"SSF","ZG","Sub-Saharan Africa","SSA","ZF","Sub-Saharan Africa (excluding high income)","LMC","XN","Lower middle income","IBD","XF","IBRD",2023,1,"https://www.gov.sz/index.php/component/content/article/124-economic-planning-a-development/1835-central-statistical-reports","PDF links are available to some surveys",NA,FALSE
"SYC","SC","Seychelles","Victoria",55.4466,-4.6309,"SSF","ZG","Sub-Saharan Africa",NA,NA,NA,"HIC","XD","High income","IBD","XF","IBRD",2023,0,"https://www.nbs.gov.sc/downloads","PDF links are available to some surveys",NA,TRUE
"SYR","SY","Syrian Arab Republic","Damascus",36.3119,33.5146,"MEA","ZQ","Middle East & North Africa","MNA","XQ","Middle East & North Africa (excluding high income)","LIC","XM","Low income","IDX","XI","IDA",2023,0,NA,NA,NA,NA
"TCD","TD","Chad","N'Djamena",15.0445,12.1048,"SSF","ZG","Sub-Saharan Africa","SSA","ZF","Sub-Saharan Africa (excluding high income)","LIC","XM","Low income","IDX","XI","IDA",2023,1,"http://anad.inseed.td/index.php/catalog",NA,"Yes",TRUE
"TGO","TG","Togo","Lome",1.2255,6.1228,"SSF","ZG","Sub-Saharan Africa","SSA","ZF","Sub-Saharan Africa (excluding high income)","LIC","XM","Low income","IDX","XI","IDA",2023,1,"http://160.242.193.218:8082/nada/index.php/catalog","NADA page","Yes",NA
"THA","TH","Thailand","Bangkok",100.521,13.7308,"EAS","Z4","East Asia & Pacific","EAP","4E","East Asia & Pacific (excluding high income)","UMC","XT","Upper middle income","IBD","XF","IBRD",2023,1,"https://www.nso.go.th/nsoweb/nso/survey","Contains PDF and excel data from several survey products",NA,TRUE
"TJK","TJ","Tajikistan","Dushanbe",68.7864,38.5878,"ECS","Z7","Europe & Central Asia","ECA","7E","Europe & Central Asia (excluding high income)","LIC","XM","Low income","IDX","XI","IDA",2023,0,NA,NA,NA,NA
"TKM","TM","Turkmenistan","Ashgabat",58.3794,37.9509,"ECS","Z7","Europe & Central Asia","ECA","7E","Europe & Central Asia (excluding high income)","UMC","XT","Upper middle income","IBD","XF","IBRD",2023,0,NA,NA,NA,NA
"TLS","TL","Timor-Leste","Dili",125.567,-8.56667,"EAS","Z4","East Asia & Pacific","EAP","4E","East Asia & Pacific (excluding high income)","LMC","XN","Lower middle income","IDB","XH","Blend",2023,1,"https://inetl-ip.gov.tl/household-income-and-expenditure-surveys/","new site with pdf documentation of surveys",NA,TRUE
"TON","TO","Tonga","Nuku'alofa",-175.216,-21.136,"EAS","Z4","East Asia & Pacific","EAP","4E","East Asia & Pacific (excluding high income)","UMC","XT","Upper middle income","IDX","XI","IDA",2023,1,"https://microdata.pacificdata.org/index.php/collections/TON",NA,"Yes",TRUE
"TTO","TT","Trinidad and Tobago","Port-of-Spain",-61.4789,10.6596,"LCN","ZJ","Latin America & Caribbean",NA,NA,NA,"HIC","XD","High income","IBD","XF","IBRD",2023,1,"https://cso.gov.tt/household-budgetary-survey-hbs/","PDF reports",NA,NA
"TUN","TN","Tunisia","Tunis",10.21,36.7899,"MEA","ZQ","Middle East & North Africa","MNA","XQ","Middle East & North Africa (excluding high income)","LMC","XN","Lower middle income","IBD","XF","IBRD",2023,1,"https://www.ins.tn/enquetes",NA,NA,NA
"TUR","TR","Turkey","Ankara",32.3606,39.7153,"ECS","Z7","Europe & Central Asia","ECA","7E","Europe & Central Asia (excluding high income)","UMC","XT","Upper middle income","IBD","XF","IBRD",2023,1,"https://www.tuik.gov.tr/Kurumsal/Mikro_Veri","Microdata available for fee, but documentation available",NA,TRUE
"TUV","TV","Tuvalu","Funafuti",179.0896,-8.63149,"EAS","Z4","East Asia & Pacific","EAP","4E","East Asia & Pacific (excluding high income)","UMC","XT","Upper middle income","IDX","XI","IDA",2023,1,"https://microdata.pacificdata.org/index.php/catalog/TUV/about",NA,"Yes",TRUE
"TZA","TZ","Tanzania","Dodoma",35.7382,-6.17486,"SSF","ZG","Sub-Saharan Africa","SSA","ZF","Sub-Saharan Africa (excluding high income)","LIC","XM","Low income","IDX","XI","IDA",2023,1,"https://www.nbs.go.tz/tnada/index.php/catalog",NA,"Yes",FALSE
"UGA","UG","Uganda","Kampala",32.5729,0.314269,"SSF","ZG","Sub-Saharan Africa","SSA","ZF","Sub-Saharan Africa (excluding high income)","LIC","XM","Low income","IDX","XI","IDA",2023,1,"http://www.ubos.org/unda/index.php/catalog","Site not working when checked",NA,FALSE
"UKR","UA","Ukraine","Kiev",30.5038,50.4536,"ECS","Z7","Europe & Central Asia","ECA","7E","Europe & Central Asia (excluding high income)","LMC","XN","Lower middle income","IBD","XF","IBRD",2023,0,NA,NA,NA,NA
"URY","UY","Uruguay","Montevideo",-56.0675,-34.8941,"LCN","ZJ","Latin America & Caribbean",NA,NA,NA,"HIC","XD","High income","IBD","XF","IBRD",2023,1,"https://www4.ine.gub.uy/Anda5/index.php/catalog",NA,"Yes",TRUE
"UZB","UZ","Uzbekistan","Tashkent",69.269,41.3052,"ECS","Z7","Europe & Central Asia","ECA","7E","Europe & Central Asia (excluding high income)","LMC","XN","Lower middle income","IDB","XH","Blend",2023,1,"https://stat.uz/en/default/surveyss/3926-sample-household-survey","Several common surveys with links or metadata available",NA,NA
"VCT","VC","St. Vincent and the Grenadines","Kingstown",-61.2653,13.2035,"LCN","ZJ","Latin America & Caribbean","LAC","XJ","Latin America & Caribbean (excluding high income)","UMC","XT","Upper middle income","IDB","XH","Blend",2023,1,"http://stats.gov.vc/stats/?page_id=409","Site contains a list of surveys typically conducted. Descriptions of modules are available, plus links to reports discussing detailed survey methodology",NA,TRUE
"VEN","VE","Venezuela, RB","Caracas",-69.8371,9.08165,"LCN","ZJ","Latin America & Caribbean","LAC","XJ","Latin America & Caribbean (excluding high income)","UMC","XT","Upper middle income","IBD","XF","IBRD",2023,0,"http://www.ine.gov.ve/anda4/index.php/catalog/central","Site not working when checked",NA,NA
"VNM","VN","Vietnam","Hanoi",105.825,21.0069,"EAS","Z4","East Asia & Pacific","EAP","4E","East Asia & Pacific (excluding high income)","LMC","XN","Lower middle income","IBD","XF","IBRD",2023,1,"https://datacollection.gso.gov.vn/","Contains links to survey plans, questionnaires, background etc.",NA,TRUE
"VUT","VU","Vanuatu","Port-Vila",168.321,-17.7404,"EAS","Z4","East Asia & Pacific","EAP","4E","East Asia & Pacific (excluding high income)","LMC","XN","Lower middle income","IDX","XI","IDA",2023,1,"https://microdata.pacificdata.org/index.php/catalog/VUT",NA,"Yes",TRUE
"WSM","WS","Samoa","Apia",-171.752,-13.8314,"EAS","Z4","East Asia & Pacific","EAP","4E","East Asia & Pacific (excluding high income)","UMC","XT","Upper middle income","IDX","XI","IDA",2023,1,"https://microdata.pacificdata.org/index.php/collections/WSM",NA,"Yes",TRUE
"XKX","XK","Kosovo","Pristina",20.926,42.565,"ECS","Z7","Europe & Central Asia","ECA","7E","Europe & Central Asia (excluding high income)","UMC","XT","Upper middle income","IDX","XI","IDA",2023,1,"https://askdata.rks-gov.net/pxweb/en/ASKdata/","Listing of recent surveys and censuses available. Metadata somewhat decentralized, with pdf reports available elsewhere on the site",NA,NA
"YEM","YE","Yemen, Rep.","Sana'a",44.2075,15.352,"MEA","ZQ","Middle East & North Africa","MNA","XQ","Middle East & North Africa (excluding high income)","LIC","XM","Low income","IDX","XI","IDA",2023,0,NA,NA,NA,NA
"ZAF","ZA","South Africa","Pretoria",28.1871,-25.746,"SSF","ZG","Sub-Saharan Africa","SSA","ZF","Sub-Saharan Africa (excluding high income)","UMC","XT","Upper middle income","IBD","XF","IBRD",2023,1,"https://www.datafirst.uct.ac.za/dataportal/index.php/catalog/central",NA,"Yes",FALSE
"ZMB","ZM","Zambia","Lusaka",28.2937,-15.3982,"SSF","ZG","Sub-Saharan Africa","SSA","ZF","Sub-Saharan Africa (excluding high income)","LMC","XN","Lower middle income","IDX","XI","IDA",2023,1,"https://www.zamstats.gov.zm/index.php/publications","List of surveys with pdf reports available",NA,TRUE
"ZWE","ZW","Zimbabwe","Harare",31.0672,-17.8312,"SSF","ZG","Sub-Saharan Africa","SSA","ZF","Sub-Saharan Africa (excluding high income)","LMC","XN","Lower middle income","IDB","XH","Blend",2023,1,"https://nada.zimstat.co.zw/index.php/catalog/central/about",NA,"Yes",NA
"BHR","BH","Bahrain","Manama",50.5354,26.1921,"MEA","ZQ","Middle East & North Africa",NA,NA,NA,"HIC","XD","High income","LNX","XX","Not classified",2023,0,NA,"Website has changed and was unable to locate a page for survey information. Old website was https://www.data.gov.bh/en/ResourceCenter",NA,NA
"BRB","BB","Barbados","Bridgetown",-59.6105,13.0935,"LCN","ZJ","Latin America & Caribbean",NA,NA,NA,"HIC","XD","High income","LNX","XX","Not classified",2023,1,"https://stats.gov.bb/surveys/list-of-surveys/","Survey metadata are not in a centralized repository, but available by clicking through links for social statistics, etc. detailed methodology available",NA,NA
"CZE","CZ","Czech Republic","Prague",14.4205,50.0878,"ECS","Z7","Europe & Central Asia",NA,NA,NA,"HIC","XD","High income","LNX","XX","Not classified",2023,1,"https://www.czso.cz/csu/vykazy/setreni_u_domacnosti","Metadata available with links to data",NA,TRUE
"GRC","GR","Greece","Athens",23.7166,37.9792,"ECS","Z7","Europe & Central Asia",NA,NA,NA,"HIC","XD","High income","LNX","XX","Not classified",2023,1,"https://www.statistics.gr/en/public-use-files","List of surveys is available. User must register to gain access",NA,NA
"HUN","HU","Hungary","Budapest",19.0408,47.4984,"ECS","Z7","Europe & Central Asia",NA,NA,NA,"HIC","XD","High income","LNX","XX","Not classified",2023,1,"http://www.ksh.hu/data_access_safe_centre_access","Descriptions of microdata are available. User must get permission to access",NA,TRUE
"LTU","LT","Lithuania","Vilnius",25.2799,54.6896,"ECS","Z7","Europe & Central Asia",NA,NA,NA,"HIC","XD","High income","LNX","XX","Not classified",2023,1,"https://osp.stat.gov.lt/statistikos-leidiniu-katalogas","E-library has access to survey reports",NA,FALSE
"LVA","LV","Latvia","Riga",24.1048,56.9465,"ECS","Z7","Europe & Central Asia",NA,NA,NA,"HIC","XD","High income","LNX","XX","Not classified",2023,1,"https://stat.gov.lv/en/research/directory","Data catalogue available with metadata and links",NA,TRUE
"OMN","OM","Oman","Muscat",58.5874,23.6105,"MEA","ZQ","Middle East & North Africa",NA,NA,NA,"HIC","XD","High income","LNX","XX","Not classified",2023,0,"https://data.gov.om/","No list of available surveys and associated metadata available.",NA,TRUE
"SAU","SA","Saudi Arabia","Riyadh",46.6977,24.6748,"MEA","ZQ","Middle East & North Africa",NA,NA,NA,"HIC","XD","High income","LNX","XX","Not classified",2023,1,"https://www.stats.gov.sa/ar/1211","Site contains links to methodologies and surveys conducted across a variety of topics",NA,FALSE
"SVK","SK","Slovak Republic","Bratislava",17.1073,48.1484,"ECS","Z7","Europe & Central Asia",NA,NA,NA,"HIC","XD","High income","LNX","XX","Not classified",2023,1,"https://zber.statistics.sk/en/home","detailed survey metadata available with links to access microdata available",NA,TRUE
"AND","AD","Andorra","Andorra la Vella",1.5218,42.5075,"ECS","Z7","Europe & Central Asia",NA,NA,NA,"HIC","XD","High income","LNX","XX","Not classified",2023,1,"https://www.estadistica.ad/portal/apps/sites/#/estadistica-en/pages/enquestes-i-iniciatives","List of surveys with available data and metadata",NA,NA
"ARE","AE","United Arab Emirates","Abu Dhabi",54.3705,24.4764,"MEA","ZQ","Middle East & North Africa",NA,NA,NA,"HIC","XD","High income","LNX","XX","Not classified",2023,1,"https://fcsc.gov.ae/en-us/Pages/Statistics/Statistics-by-Subject.aspx","List of surveys with metadata and statistics are avaialble in excel files or pdfs",NA,FALSE
"AUS","AU","Australia","Canberra",149.129,-35.282,"EAS","Z4","East Asia & Pacific",NA,NA,NA,"HIC","XD","High income","LNX","XX","Not classified",2023,1,"https://www.abs.gov.au/statistics/microdata-tablebuilder/available-microdata-tablebuilder/longitudinal-labour-force-australia","Microdata available with detailed metadata",NA,TRUE
"AUT","AT","Austria","Vienna",16.3798,48.2201,"ECS","Z7","Europe & Central Asia",NA,NA,NA,"HIC","XD","High income","LNX","XX","Not classified",2023,1,"https://statcube.at/statistik.at/ext/statcube/jsf/dataCatalogueExplorer.xhtml","Data explorer has data by survey with detailed metadata. Microdata available with registration",NA,TRUE
"BEL","BE","Belgium","Brussels",4.36761,50.8371,"ECS","Z7","Europe & Central Asia",NA,NA,NA,"HIC","XD","High income","LNX","XX","Not classified",2023,1,"https://statbel.fgov.be/nl/over-statbel/privacy/microdata-voor-onderzoek/gegevenscatalogus",NA,NA,TRUE
"BHS","BS","Bahamas, The","Nassau",-77.339,25.0661,"LCN","ZJ","Latin America & Caribbean",NA,NA,NA,"HIC","XD","High income","LNX","XX","Not classified",2023,0,NA,NA,NA,NA
"BRN","BN","Brunei Darussalam","Bandar Seri Begawan",114.946,4.94199,"EAS","Z4","East Asia & Pacific",NA,NA,NA,"HIC","XD","High income","LNX","XX","Not classified",2023,1,"http://www.deps.gov.bn/SitePages/Census%20and%20Survey.aspx","Census and Survey list with metadata",NA,TRUE
"CAN","CA","Canada","Ottawa",-75.6919,45.4215,"NAC","XU","North America",NA,NA,NA,"HIC","XD","High income","LNX","XX","Not classified",2023,1,"https://www150.statcan.gc.ca/n1/en/type/surveys","Listing of surveys with detailed metadata.",NA,TRUE
"CHE","CH","Switzerland","Bern",7.44821,46.948,"ECS","Z7","Europe & Central Asia",NA,NA,NA,"HIC","XD","High income","LNX","XX","Not classified",2023,1,"https://www.bfs.admin.ch/bfs/en/home/basics/surveys.html","Listing of surveys with detailed metadata.",NA,TRUE
"CYP","CY","Cyprus","Nicosia",33.3736,35.1676,"ECS","Z7","Europe & Central Asia",NA,NA,NA,"HIC","XD","High income","LNX","XX","Not classified",2023,1,"https://www.cystat.gov.cy/en/DataCollection","Listing of surveys with detailed metadata.",NA,TRUE
"DEU","DE","Germany","Berlin",13.4115,52.5235,"ECS","Z7","Europe & Central Asia",NA,NA,NA,"HIC","XD","High income","LNX","XX","Not classified",2023,1,"http://www.forschungsdatenzentrum.de/de/alle-daten","Research data center lists microdata available with details",NA,TRUE
"DNK","DK","Denmark","Copenhagen",12.5681,55.6763,"ECS","Z7","Europe & Central Asia",NA,NA,NA,"HIC","XD","High income","LNX","XX","Not classified",2023,1,"https://www.dst.dk/en/Statistik/dokumentation/documentationofstatistics","Listing of surveys with detailed metadata.",NA,TRUE
"ESP","ES","Spain","Madrid",-3.70327,40.4167,"ECS","Z7","Europe & Central Asia",NA,NA,NA,"HIC","XD","High income","LNX","XX","Not classified",2023,1,"https://www.ine.es/en/prodyser/microdatos_en.htm","Listing of surveys with detailed metadata.",NA,TRUE
"EST","EE","Estonia","Tallinn",24.7586,59.4392,"ECS","Z7","Europe & Central Asia",NA,NA,NA,"HIC","XD","High income","LNX","XX","Not classified",2023,1,"https://www.stat.ee/en/submit-data/about-data-submission/personal-survey","Listing of surveys with detailed metadata.",NA,FALSE
"FIN","FI","Finland","Helsinki",24.9525,60.1608,"ECS","Z7","Europe & Central Asia",NA,NA,NA,"HIC","XD","High income","LNX","XX","Not classified",2023,1,"https://www.stat.fi/en/surveys","Listing of surveys with detailed metadata.",NA,TRUE
"FRA","FR","France","Paris",2.35097,48.8566,"ECS","Z7","Europe & Central Asia",NA,NA,NA,"HIC","XD","High income","LNX","XX","Not classified",2023,1,"https://www.insee.fr/en/metadonnees/sources","Listing of surveys with detailed metadata.",NA,TRUE
"GBR","GB","United Kingdom","London",-0.12624,51.5002,"ECS","Z7","Europe & Central Asia",NA,NA,NA,"HIC","XD","High income","LNX","XX","Not classified",2023,1,"https://www.ons.gov.uk/surveys/informationforbusinesses/businesssurveys/staticlist","Microdata portal not accessible outside the UK. https://ons.metadata.works/domain/index.html",NA,TRUE
"IRL","IE","Ireland","Dublin",-6.26749,53.3441,"ECS","Z7","Europe & Central Asia",NA,NA,NA,"HIC","XD","High income","LNX","XX","Not classified",2023,1,"https://www.cso.ie/en/surveys/","Listing of surveys with detailed metadata.",NA,TRUE
"ISL","IS","Iceland","Reykjavik",-21.8952,64.1353,"ECS","Z7","Europe & Central Asia",NA,NA,NA,"HIC","XD","High income","LNX","XX","Not classified",2023,0,NA,"No list of available surveys and associated metadata available.",NA,NA
"ISR","IL","Israel",NA,35.2035,31.7717,"MEA","ZQ","Middle East & North Africa",NA,NA,NA,"HIC","XD","High income","LNX","XX","Not classified",2023,1,"https://www.cbs.gov.il/en/subjects/Pages/default.aspx","Not centralized in a single page, but detailed metadata information about surveys is available",NA,TRUE
"ITA","IT","Italy","Rome",12.4823,41.8955,"ECS","Z7","Europe & Central Asia",NA,NA,NA,"HIC","XD","High income","LNX","XX","Not classified",2023,1,"https://www.istat.it/en/analysis-and-products/microdata-files#public_use_file","Listing of surveys with detailed metadata.",NA,TRUE
"JPN","JP","Japan","Tokyo",139.77,35.67,"EAS","Z4","East Asia & Pacific",NA,NA,NA,"HIC","XD","High income","LNX","XX","Not classified",2023,1,"https://www.stat.go.jp/info/kouhou/index.html","detailed survey metadata available",NA,TRUE
"KOR","KR","Korea, Rep.","Seoul",126.957,37.5323,"EAS","Z4","East Asia & Pacific",NA,NA,NA,"HIC","XD","High income","LNX","XX","Not classified",2023,1,"https://mdis.kostat.go.kr/index.do","Microdata portal available with detailed information",NA,TRUE
"KWT","KW","Kuwait","Kuwait City",47.9824,29.3721,"MEA","ZQ","Middle East & North Africa",NA,NA,NA,"HIC","XD","High income","LNX","XX","Not classified",2023,1,"https://www.csb.gov.kw/Pages/Statistics_en?ID=64&ParentCatID=1","List of surveys and the metadata assocaited is available",NA,NA
"LUX","LU","Luxembourg","Luxembourg",6.1296,49.61,"ECS","Z7","Europe & Central Asia",NA,NA,NA,"HIC","XD","High income","LNX","XX","Not classified",2023,1,"https://statistiques.public.lu/fr/enquetes/enquetes-particuliers.html","List of surveys available with detailed metadata",NA,TRUE
"MLT","MT","Malta","Valletta",14.5189,35.9042,"MEA","ZQ","Middle East & North Africa",NA,NA,NA,"HIC","XD","High income","LNX","XX","Not classified",2023,1,"https://nso.gov.mt/taking-part-in-a-survey/","List of surveys with detailed metadata",NA,FALSE
"NLD","NL","Netherlands","Amsterdam",4.89095,52.3738,"ECS","Z7","Europe & Central Asia",NA,NA,NA,"HIC","XD","High income","LNX","XX","Not classified",2023,1,"https://www.cbs.nl/nl-nl/onze-diensten/maatwerk-en-microdata/microdata-zelf-onderzoek-doen/catalogus-microdata","List of surveys available with detailed metadata",NA,TRUE
"NOR","NO","Norway","Oslo",10.7387,59.9138,"ECS","Z7","Europe & Central Asia",NA,NA,NA,"HIC","XD","High income","LNX","XX","Not classified",2023,1,"https://www.ssb.no/data-til-forskning/utlan-av-data-til-forskere/variabellister","List of microdata contents. NSO Website also contains links to statistics with detailed metadata on sources and links to microdata access. Microdata access may require registration.",NA,TRUE
"NZL","NZ","New Zealand","Wellington",174.776,-41.2865,"EAS","Z4","East Asia & Pacific",NA,NA,NA,"HIC","XD","High income","LNX","XX","Not classified",2023,1,"https://www.stats.govt.nz/help-with-surveys/list-of-stats-nz-surveys/","List of surveys with detailed metadata",NA,TRUE
"PRT","PT","Portugal","Lisbon",-9.13552,38.7072,"ECS","Z7","Europe & Central Asia",NA,NA,NA,"HIC","XD","High income","LNX","XX","Not classified",2023,1,"https://www.ine.pt/xportal/xmain?xpid=INE&xpgid=ine_pufs&menuBOUI=13707095&contexto=up&selTab=tab5&xlang=pt","List of microdata available. Detailed survey information available elsewhere on the site.",NA,TRUE
"QAT","QA","Qatar","Doha",51.5082,25.2948,"MEA","ZQ","Middle East & North Africa",NA,NA,NA,"HIC","XD","High income","LNX","XX","Not classified",2023,1,"https://www.psa.gov.qa/en/statistics1/StatisticsSite/Pages/StatisticsSurveysandPolls.aspx","List of surveys with detailed metadata",NA,TRUE
"SGP","SG","Singapore","Singapore",103.85,1.28941,"EAS","Z4","East Asia & Pacific",NA,NA,NA,"HIC","XD","High income","LNX","XX","Not classified",2023,1,"https://www.singstat.gov.sg/our-services-tools-surveys/amap","Microdata listing is available. User may need to register.",NA,TRUE
"SVN","SI","Slovenia","Ljubljana",14.5044,46.0546,"ECS","Z7","Europe & Central Asia",NA,NA,NA,"HIC","XD","High income","LNX","XX","Not classified",2023,1,"https://www.stat.si/StatWeb/en/StaticPages/Index/For-Researchers","Site contains resources to access microdata after registration, including detailed pdfs with metadata",NA,TRUE
"SWE","SE","Sweden","Stockholm",18.0645,59.3327,"ECS","Z7","Europe & Central Asia",NA,NA,NA,"HIC","XD","High income","LNX","XX","Not classified",2023,1,"https://www.scb.se/en/data-collection/","List of surveys with detailed metadata and links to statistics",NA,TRUE
"USA","US","United States","Washington D.C.",-77.032,38.8895,"NAC","XU","North America",NA,NA,NA,"HIC","XD","High income","LNX","XX","Not classified",2023,1,"https://www.census.gov/programs-surveys/surveys-programs.html","List of surveys with detailed metadata and links to data are available.",NA,FALSE
