"iso3c","date","National.accounts.base.year","NABY","NABY_dates"
"ABW",2016,"2000","2000","2000"
"ABW",2017,"2000","2000","2000"
"ABW",2018,"2000","2000","2000"
"ABW",2019,"2000","2000","2000"
"ABW",2020,"2000","2000","2000"
"ABW",2021,"2000","2000","2000"
"ABW",2022,"2013","2013","2013"
"ADO",2016,"2000","2000","2000"
"AFG",2016,"2002/03","2002/03","2003"
"AFG",2017,"2002/03","2002/03","2003"
"AFG",2018,"2002/03","2002/03","2003"
"AFG",2019,"2002/03","2002/03","2003"
"AFG",2020,"2016","2016","2016"
"AFG",2021,"2016","2016","2016"
"AFG",2022,"2016","2016","2016"
"AGO",2016,"2002","2002","2002"
"AGO",2017,"2002","2002","2002"
"AGO",2018,"2002","2002","2002"
"AGO",2019,"2002","2002","2002"
"AGO",2020,"2002","2002","2002"
"AGO",2021,"2002","2002","2002"
"AGO",2022,"2002","2002","2002"
"ALB",2016,"Original chained constant price data are rescaled.","Original chained constant price data are rescaled.",NA
"ALB",2017,"Original chained constant price data are rescaled.","Original chained constant price data are rescaled.",NA
"ALB",2018,"Original chained constant price data are rescaled.","Original chained constant price data are rescaled.",NA
"ALB",2019,"Original chained constant price data are rescaled.","Original chained constant price data are rescaled.",NA
"ALB",2020,"Original chained constant price data are rescaled.","Original chained constant price data are rescaled.",NA
"ALB",2021,"Original chained constant price data are rescaled.","Original chained constant price data are rescaled.",NA
"ALB",2022,"Original chained constant price data are rescaled.","Original chained constant price data are rescaled.",NA
"AND",2017,"2000","2000","2000"
"AND",2018,"2000","2000","2000"
"AND",2019,"2000","2000","2000"
"AND",2020,"2010","2010","2010"
"AND",2021,"2010","2010","2010"
"AND",2022,"2010","2010","2010"
"ARE",2016,"2007","2007","2007"
"ARE",2017,"2010","2010","2010"
"ARE",2018,"2010","2010","2010"
"ARE",2019,"2010","2010","2010"
"ARE",2020,"2010","2010","2010"
"ARE",2021,"2010","2010","2010"
"ARE",2022,"2010","2010","2010"
"ARG",2016,"2004","2004","2004"
"ARG",2017,"2004","2004","2004"
"ARG",2018,"2004","2004","2004"
"ARG",2019,"2004","2004","2004"
"ARG",2020,"2004","2004","2004"
"ARG",2021,"2004","2004","2004"
"ARG",2022,"2004","2004","2004"
"ARM",2016,"Original chained constant price data are rescaled.","Original chained constant price data are rescaled.",NA
"ARM",2017,"Original chained constant price data are rescaled.","Original chained constant price data are rescaled.",NA
"ARM",2018,"Original chained constant price data are rescaled.","Original chained constant price data are rescaled.",NA
"ARM",2019,"Original chained constant price data are rescaled.","Original chained constant price data are rescaled.",NA
"ARM",2020,"Original chained constant price data are rescaled.","Original chained constant price data are rescaled.",NA
"ARM",2021,"Original chained constant price data are rescaled.","Original chained constant price data are rescaled.",NA
"ARM",2022,"Original chained constant price data are rescaled.","Original chained constant price data are rescaled.",NA
"ASM",2016,NA,NA,NA
"ASM",2017,NA,NA,NA
"ASM",2018,"2009","2009","2009"
"ASM",2019,"2009","2009","2009"
"ASM",2020,"2009","2009","2009"
"ASM",2021,"2012","2012","2012"
"ASM",2022,"Original chained constant price data are rescaled.","Original chained constant price data are rescaled.",NA
"ATG",2016,"2006","2006","2006"
"ATG",2017,"2006","2006","2006"
"ATG",2018,"2006","2006","2006"
"ATG",2019,"2006","2006","2006"
"ATG",2020,"2006","2006","2006"
"ATG",2021,"2006","2006","2006"
"ATG",2022,"2006","2006","2006"
"AUS",2016,"Original chained constant price data are rescaled.","Original chained constant price data are rescaled.",NA
"AUS",2017,"Original chained constant price data are rescaled.","Original chained constant price data are rescaled.",NA
"AUS",2018,"Original chained constant price data are rescaled.","Original chained constant price data are rescaled.",NA
"AUS",2019,"Original chained constant price data are rescaled.","Original chained constant price data are rescaled.",NA
"AUS",2020,"Original chained constant price data are rescaled.","Original chained constant price data are rescaled.",NA
"AUS",2021,"Original chained constant price data are rescaled.","Original chained constant price data are rescaled.",NA
"AUS",2022,"Original chained constant price data are rescaled.","Original chained constant price data are rescaled.",NA
"AUT",2016,"Original chained constant price data are rescaled.","Original chained constant price data are rescaled.",NA
"AUT",2017,"Original chained constant price data are rescaled.","Original chained constant price data are rescaled.",NA
"AUT",2018,"Original chained constant price data are rescaled.","Original chained constant price data are rescaled.",NA
"AUT",2019,"Original chained constant price data are rescaled.","Original chained constant price data are rescaled.",NA
"AUT",2020,"Original chained constant price data are rescaled.","Original chained constant price data are rescaled.",NA
"AUT",2021,"Original chained constant price data are rescaled.","Original chained constant price data are rescaled.",NA
"AUT",2022,"Original chained constant price data are rescaled.","Original chained constant price data are rescaled.",NA
"AZE",2016,"2000","2000","2000"
"AZE",2017,"2000","2000","2000"
"AZE",2018,"Original chained constant price data are rescaled.","Original chained constant price data are rescaled.",NA
"AZE",2019,"Original chained constant price data are rescaled.","Original chained constant price data are rescaled.",NA
"AZE",2020,"Original chained constant price data are rescaled.","Original chained constant price data are rescaled.",NA
"AZE",2021,"Original chained constant price data are rescaled.","Original chained constant price data are rescaled.",NA
"AZE",2022,"Original chained constant price data are rescaled.","Original chained constant price data are rescaled.",NA
"BDI",2016,"2005","2005","2005"
"BDI",2017,"2005","2005","2005"
"BDI",2018,"2005","2005","2005"
"BDI",2019,"2005","2005","2005"
"BDI",2020,"2005","2005","2005"
"BDI",2021,"2005","2005","2005"
"BDI",2022,"2005","2005","2005"
"BEL",2016,"Original chained constant price data are rescaled.","Original chained constant price data are rescaled.",NA
"BEL",2017,"Original chained constant price data are rescaled.","Original chained constant price data are rescaled.",NA
"BEL",2018,"Original chained constant price data are rescaled.","Original chained constant price data are rescaled.",NA
"BEL",2019,"Original chained constant price data are rescaled.","Original chained constant price data are rescaled.",NA
"BEL",2020,"Original chained constant price data are rescaled.","Original chained constant price data are rescaled.",NA
"BEL",2021,"Original chained constant price data are rescaled.","Original chained constant price data are rescaled.",NA
"BEL",2022,"Original chained constant price data are rescaled.","Original chained constant price data are rescaled.",NA
"BEN",2016,"2007","2007","2007"
"BEN",2017,"2007","2007","2007"
"BEN",2018,"2007","2007","2007"
"BEN",2019,"2007","2007","2007"
"BEN",2020,"2015","2015","2015"
"BEN",2021,"2015","2015","2015"
"BEN",2022,"2015","2015","2015"
"BFA",2016,"1999","1999","1999"
"BFA",2017,"1999","1999","1999"
"BFA",2018,"1999","1999","1999"
"BFA",2019,"1999","1999","1999"
"BFA",2020,"2015","2015","2015"
"BFA",2021,"2015","2015","2015"
"BFA",2022,"2015","2015","2015"
"BGD",2016,"2005/06","2005/06","2006"
"BGD",2017,"2005/06","2005/06","2006"
"BGD",2018,"2005/06","2005/06","2006"
"BGD",2019,"2005/06","2005/06","2006"
"BGD",2020,"2005/06","2005/06","2006"
"BGD",2021,"2005/06","2005/06","2006"
"BGD",2022,"2016","2016","2016"
"BGR",2016,"Original chained constant price data are rescaled.","Original chained constant price data are rescaled.",NA
"BGR",2017,"Original chained constant price data are rescaled.","Original chained constant price data are rescaled.",NA
"BGR",2018,"Original chained constant price data are rescaled.","Original chained constant price data are rescaled.",NA
"BGR",2019,"Original chained constant price data are rescaled.","Original chained constant price data are rescaled.",NA
"BGR",2020,"Original chained constant price data are rescaled.","Original chained constant price data are rescaled.",NA
"BGR",2021,"Original chained constant price data are rescaled.","Original chained constant price data are rescaled.",NA
"BGR",2022,"Original chained constant price data are rescaled.","Original chained constant price data are rescaled.",NA
"BHR",2016,"2010","2010","2010"
"BHR",2017,"2010","2010","2010"
"BHR",2018,"2010","2010","2010"
"BHR",2019,"2010","2010","2010"
"BHR",2020,"2010","2010","2010"
"BHR",2021,"2010","2010","2010"
"BHR",2022,"2010","2010","2010"
"BHS",2016,"2006","2006","2006"
"BHS",2017,"2006","2006","2006"
"BHS",2018,"2012","2012","2012"
"BHS",2019,"2012","2012","2012"
"BHS",2020,"2012","2012","2012"
"BHS",2021,"2012","2012","2012"
"BHS",2022,"2012","2012","2012"
"BIH",2016,"Original chained constant price data are rescaled.","Original chained constant price data are rescaled.",NA
"BIH",2017,"Original chained constant price data are rescaled.","Original chained constant price data are rescaled.",NA
"BIH",2018,"Original chained constant price data are rescaled.","Original chained constant price data are rescaled.",NA
"BIH",2019,"Original chained constant price data are rescaled.","Original chained constant price data are rescaled.",NA
"BIH",2020,"Original chained constant price data are rescaled.","Original chained constant price data are rescaled.",NA
"BIH",2021,"Original chained constant price data are rescaled.","Original chained constant price data are rescaled.",NA
"BIH",2022,"Original chained constant price data are rescaled.","Original chained constant price data are rescaled.",NA
"BLR",2016,"Original chained constant price data are rescaled.","Original chained constant price data are rescaled.",NA
"BLR",2017,"Original chained constant price data are rescaled.","Original chained constant price data are rescaled.",NA
"BLR",2018,"Original chained constant price data are rescaled.","Original chained constant price data are rescaled.",NA
"BLR",2019,"Original chained constant price data are rescaled.","Original chained constant price data are rescaled.",NA
"BLR",2020,"Original chained constant price data are rescaled.","Original chained constant price data are rescaled.",NA
"BLR",2021,"Original chained constant price data are rescaled.","Original chained constant price data are rescaled.",NA
"BLR",2022,"Original chained constant price data are rescaled.","Original chained constant price data are rescaled.",NA
"BLZ",2016,"2000","2000","2000"
"BLZ",2017,"2000","2000","2000"
"BLZ",2018,"2000","2000","2000"
"BLZ",2019,"2000","2000","2000"
"BLZ",2020,"2000","2000","2000"
"BLZ",2021,"2000","2000","2000"
"BLZ",2022,"2000","2000","2000"
"BMU",2016,"2006","2006","2006"
"BMU",2017,"2006","2006","2006"
"BMU",2018,"2006","2006","2006"
"BMU",2019,"2006","2006","2006"
"BMU",2020,"2006","2006","2006"
"BMU",2021,"2006","2006","2006"
"BMU",2022,"2013","2013","2013"
"BOL",2016,"1990","1990","1990"
"BOL",2017,"1990","1990","1990"
"BOL",2018,"1990","1990","1990"
"BOL",2019,"1990","1990","1990"
"BOL",2020,"1990","1990","1990"
"BOL",2021,"1990","1990","1990"
"BOL",2022,"1990","1990","1990"
"BRA",2016,"1995","1995","1995"
"BRA",2017,"1995","1995","1995"
"BRA",2018,"Original chained constant price data are rescaled.","Original chained constant price data are rescaled.",NA
"BRA",2019,"Original chained constant price data are rescaled.","Original chained constant price data are rescaled.",NA
"BRA",2020,"Original chained constant price data are rescaled.","Original chained constant price data are rescaled.",NA
"BRA",2021,"Original chained constant price data are rescaled.","Original chained constant price data are rescaled.",NA
"BRA",2022,"Original chained constant price data are rescaled.","Original chained constant price data are rescaled.",NA
"BRB",2016,"1974","1974","1974"
"BRB",2017,"1974","1974","1974"
"BRB",2018,"1974","1974","1974"
"BRB",2019,"2010","2010","2010"
"BRB",2020,"2010","2010","2010"
"BRB",2021,"2010","2010","2010"
"BRB",2022,"2010","2010","2010"
"BRN",2016,"2000","2000","2000"
"BRN",2017,"2010","2010","2010"
"BRN",2018,"2010","2010","2010"
"BRN",2019,"2010","2010","2010"
"BRN",2020,"2010","2010","2010"
"BRN",2021,"2010","2010","2010"
"BRN",2022,"2010","2010","2010"
"BTN",2016,"2000","2000","2000"
"BTN",2017,"2000","2000","2000"
"BTN",2018,"2000","2000","2000"
"BTN",2019,"2000","2000","2000"
"BTN",2020,"2000","2000","2000"
"BTN",2021,"2000","2000","2000"
"BTN",2022,"2000","2000","2000"
"BWA",2016,"2006","2006","2006"
"BWA",2017,"2006","2006","2006"
"BWA",2018,"2006","2006","2006"
"BWA",2019,"2006","2006","2006"
"BWA",2020,"2006","2006","2006"
"BWA",2021,"2006","2006","2006"
"BWA",2022,"2016","2016","2016"
"CAF",2016,"1985","1985","1985"
"CAF",2017,"1985","1985","1985"
"CAF",2018,"2005","2005","2005"
"CAF",2019,"2005","2005","2005"
"CAF",2020,"2005","2005","2005"
"CAF",2021,"2005","2005","2005"
"CAF",2022,"2005","2005","2005"
"CAN",2016,"Original chained constant price data are rescaled.","Original chained constant price data are rescaled.",NA
"CAN",2017,"Original chained constant price data are rescaled.","Original chained constant price data are rescaled.",NA
"CAN",2018,"Original chained constant price data are rescaled.","Original chained constant price data are rescaled.",NA
"CAN",2019,"Original chained constant price data are rescaled.","Original chained constant price data are rescaled.",NA
"CAN",2020,"Original chained constant price data are rescaled.","Original chained constant price data are rescaled.",NA
"CAN",2021,"Original chained constant price data are rescaled.","Original chained constant price data are rescaled.",NA
"CAN",2022,"Original chained constant price data are rescaled.","Original chained constant price data are rescaled.",NA
"CHE",2016,"Original chained constant price data are rescaled.","Original chained constant price data are rescaled.",NA
"CHE",2017,"Original chained constant price data are rescaled.","Original chained constant price data are rescaled.",NA
"CHE",2018,"Original chained constant price data are rescaled.","Original chained constant price data are rescaled.",NA
"CHE",2019,"Original chained constant price data are rescaled.","Original chained constant price data are rescaled.",NA
"CHE",2020,"Original chained constant price data are rescaled.","Original chained constant price data are rescaled.",NA
"CHE",2021,"Original chained constant price data are rescaled.","Original chained constant price data are rescaled.",NA
"CHE",2022,"Original chained constant price data are rescaled.","Original chained constant price data are rescaled.",NA
"CHI",2016,"2003","2003","2003"
"CHI",2017,"2003","2003","2003"
"CHI",2018,"2007","2007","2007"
"CHI",2019,"2007","2007","2007"
"CHI",2020,"2007","2007","2007"
"CHI",2021,"2007","2007","2007"
"CHI",2022,NA,NA,NA
"CHL",2016,"2008","2008","2008"
"CHL",2017,"2013","2013","2013"
"CHL",2018,"Original chained constant price data are rescaled.","Original chained constant price data are rescaled.",NA
"CHL",2019,"Original chained constant price data are rescaled.","Original chained constant price data are rescaled.",NA
"CHL",2020,"Original chained constant price data are rescaled.","Original chained constant price data are rescaled.",NA
"CHL",2021,"Original chained constant price data are rescaled.","Original chained constant price data are rescaled.",NA
"CHL",2022,"Original chained constant price data are rescaled.","Original chained constant price data are rescaled.",NA
"CHN",2016,"2000","2000","2000"
"CHN",2017,"2010","2010","2010"
"CHN",2018,"2015","2015","2015"
"CHN",2019,"2015","2015","2015"
"CHN",2020,"2015","2015","2015"
"CHN",2021,"2015","2015","2015"
"CHN",2022,"2015","2015","2015"
"CIV",2016,"2009","2009","2009"
"CIV",2017,"2009","2009","2009"
"CIV",2018,"2009","2009","2009"
"CIV",2019,"2009","2009","2009"
"CIV",2020,"2015","2015","2015"
"CIV",2021,"2015","2015","2015"
"CIV",2022,"2015","2015","2015"
"CMR",2016,"2000","2000","2000"
"CMR",2017,"2000","2000","2000"
"CMR",2018,"2005","2005","2005"
"CMR",2019,"2005","2005","2005"
"CMR",2020,"2005","2005","2005"
"CMR",2021,"2005","2005","2005"
"CMR",2022,"2016","2016","2016"
"COD",2017,"2005","2005","2005"
"COD",2018,"2005","2005","2005"
"COD",2019,"2005","2005","2005"
"COD",2020,"2005","2005","2005"
"COD",2021,"2005","2005","2005"
"COD",2022,"2005","2005","2005"
"COG",2016,"1990","1990","1990"
"COG",2017,"1990","1990","1990"
"COG",2018,"1990","1990","1990"
"COG",2019,"1990","1990","1990"
"COG",2020,"2005","2005","2005"
"COG",2021,"2005","2005","2005"
"COG",2022,"2005","2005","2005"
"COL",2016,"2005","2005","2005"
"COL",2017,"2005","2005","2005"
"COL",2018,"2005","2005","2005"
"COL",2019,"2015","2015","2015"
"COL",2020,"2015","2015","2015"
"COL",2021,"2015","2015","2015"
"COL",2022,"2015","2015","2015"
"COM",2016,"1990","1990","1990"
"COM",2017,"1990","1990","1990"
"COM",2018,"1990","1990","1990"
"COM",2019,"2007","2007","2007"
"COM",2020,"2007","2007","2007"
"COM",2021,"2007","2007","2007"
"COM",2022,"2007","2007","2007"
"CPV",2016,"2007","2007","2007"
"CPV",2017,"2007","2007","2007"
"CPV",2018,"2007","2007","2007"
"CPV",2019,"2007","2007","2007"
"CPV",2020,"2007","2007","2007"
"CPV",2021,"2007","2007","2007"
"CPV",2022,"2007","2007","2007"
"CRI",2016,"1991","1991","1991"
"CRI",2017,"Original chained constant price data are rescaled.","Original chained constant price data are rescaled.",NA
"CRI",2018,"1991","1991","1991"
"CRI",2019,"Original chained constant price data are rescaled.","Original chained constant price data are rescaled.",NA
"CRI",2020,"Original chained constant price data are rescaled.","Original chained constant price data are rescaled.",NA
"CRI",2021,"Original chained constant price data are rescaled.","Original chained constant price data are rescaled.",NA
"CRI",2022,"Original chained constant price data are rescaled.","Original chained constant price data are rescaled.",NA
"CUB",2016,"1997","1997","1997"
"CUB",2017,"1997","1997","1997"
"CUB",2018,"1997","1997","1997"
"CUB",2019,"1997","1997","1997"
"CUB",2020,"1997","1997","1997"
"CUB",2021,"1997","1997","1997"
"CUB",2022,"1997","1997","1997"
"CUW",2016,NA,NA,NA
"CUW",2017,NA,NA,NA
"CUW",2018,NA,NA,NA
"CUW",2019,"2000","2000","2000"
"CUW",2020,"2000","2000","2000"
"CUW",2021,"2000","2000","2000"
"CUW",2022,"2011","2011","2011"
"CYM",2016,"2007","2007","2007"
"CYM",2017,"2007","2007","2007"
"CYM",2018,"2007","2007","2007"
"CYM",2019,"2015","2015","2015"
"CYM",2020,"2015","2015","2015"
"CYM",2021,"2015","2015","2015"
"CYM",2022,"2015","2015","2015"
"CYP",2016,"Original chained constant price data are rescaled.","Original chained constant price data are rescaled.",NA
"CYP",2017,"Original chained constant price data are rescaled.","Original chained constant price data are rescaled.",NA
"CYP",2018,"Original chained constant price data are rescaled.","Original chained constant price data are rescaled.",NA
"CYP",2019,"Original chained constant price data are rescaled.","Original chained constant price data are rescaled.",NA
"CYP",2020,"Original chained constant price data are rescaled.","Original chained constant price data are rescaled.",NA
"CYP",2021,"Original chained constant price data are rescaled.","Original chained constant price data are rescaled.",NA
"CYP",2022,"Original chained constant price data are rescaled.","Original chained constant price data are rescaled.",NA
"CZE",2016,"Original chained constant price data are rescaled.","Original chained constant price data are rescaled.",NA
"CZE",2017,"Original chained constant price data are rescaled.","Original chained constant price data are rescaled.",NA
"CZE",2018,"Original chained constant price data are rescaled.","Original chained constant price data are rescaled.",NA
"CZE",2019,"Original chained constant price data are rescaled.","Original chained constant price data are rescaled.",NA
"CZE",2020,"Original chained constant price data are rescaled.","Original chained constant price data are rescaled.",NA
"CZE",2021,"Original chained constant price data are rescaled.","Original chained constant price data are rescaled.",NA
"CZE",2022,"Original chained constant price data are rescaled.","Original chained constant price data are rescaled.",NA
"DEU",2016,"Original chained constant price data are rescaled.","Original chained constant price data are rescaled.",NA
"DEU",2017,"Original chained constant price data are rescaled.","Original chained constant price data are rescaled.",NA
"DEU",2018,"Original chained constant price data are rescaled.","Original chained constant price data are rescaled.",NA
"DEU",2019,"Original chained constant price data are rescaled.","Original chained constant price data are rescaled.",NA
"DEU",2020,"Original chained constant price data are rescaled.","Original chained constant price data are rescaled.",NA
"DEU",2021,"Original chained constant price data are rescaled.","Original chained constant price data are rescaled.",NA
"DEU",2022,"Original chained constant price data are rescaled.","Original chained constant price data are rescaled.",NA
"DJI",2016,"1990","1990","1990"
"DJI",2017,"1990","1990","1990"
"DJI",2018,"1990","1990","1990"
"DJI",2019,"2013","2013","2013"
"DJI",2020,"2013","2013","2013"
"DJI",2021,"2013","2013","2013"
"DJI",2022,"2013","2013","2013"
"DMA",2016,"2006","2006","2006"
"DMA",2017,"2006","2006","2006"
"DMA",2018,"2006","2006","2006"
"DMA",2019,"2006","2006","2006"
"DMA",2020,"2006","2006","2006"
"DMA",2021,"2006","2006","2006"
"DMA",2022,"2006","2006","2006"
"DNK",2016,"Original chained constant price data are rescaled.","Original chained constant price data are rescaled.",NA
"DNK",2017,"Original chained constant price data are rescaled.","Original chained constant price data are rescaled.",NA
"DNK",2018,"Original chained constant price data are rescaled.","Original chained constant price data are rescaled.",NA
"DNK",2019,"Original chained constant price data are rescaled.","Original chained constant price data are rescaled.",NA
"DNK",2020,"Original chained constant price data are rescaled.","Original chained constant price data are rescaled.",NA
"DNK",2021,"Original chained constant price data are rescaled.","Original chained constant price data are rescaled.",NA
"DNK",2022,"Original chained constant price data are rescaled.","Original chained constant price data are rescaled.",NA
"DOM",2016,"2007","2007","2007"
"DOM",2017,"2007","2007","2007"
"DOM",2018,"2007","2007","2007"
"DOM",2019,"Original chained constant price data are rescaled.","Original chained constant price data are rescaled.",NA
"DOM",2020,"Original chained constant price data are rescaled.","Original chained constant price data are rescaled.",NA
"DOM",2021,"Original chained constant price data are rescaled.","Original chained constant price data are rescaled.",NA
"DOM",2022,"Original chained constant price data are rescaled.","Original chained constant price data are rescaled.",NA
"DZA",2016,"1980","1980","1980"
"DZA",2017,"1999","1999","1999"
"DZA",2018,"1999","1999","1999"
"DZA",2019,"Original chained constant price data are rescaled.","Original chained constant price data are rescaled.",NA
"DZA",2020,"Original chained constant price data are rescaled.","Original chained constant price data are rescaled.",NA
"DZA",2021,"Original chained constant price data are rescaled.","Original chained constant price data are rescaled.",NA
"DZA",2022,"Original chained constant price data are rescaled.","Original chained constant price data are rescaled.",NA
"ECU",2016,"2007","2007","2007"
"ECU",2017,"2007","2007","2007"
"ECU",2018,"2007","2007","2007"
"ECU",2019,"2007","2007","2007"
"ECU",2020,"2007","2007","2007"
"ECU",2021,"2007","2007","2007"
"ECU",2022,"2007","2007","2007"
"EGY",2016,"2011/12","2011/12","2012"
"EGY",2017,"2011/12","2011/12","2012"
"EGY",2018,"2011/12","2011/12","2012"
"EGY",2019,"2016/17","2016/17","2017"
"EGY",2020,"2016/17","2016/17","2017"
"EGY",2021,"2016/17","2016/17","2017"
"EGY",2022,"2016/17","2016/17","2017"
"ERI",2016,"2000","2000","2000"
"ERI",2017,"2000","2000","2000"
"ERI",2018,"2000","2000","2000"
"ERI",2019,"2000","2000","2000"
"ERI",2020,"2011","2011","2011"
"ERI",2021,"2011","2011","2011"
"ERI",2022,"2011","2011","2011"
"ESP",2016,"Original chained constant price data are rescaled.","Original chained constant price data are rescaled.",NA
"ESP",2017,"Original chained constant price data are rescaled.","Original chained constant price data are rescaled.",NA
"ESP",2018,"Original chained constant price data are rescaled.","Original chained constant price data are rescaled.",NA
"ESP",2019,"Original chained constant price data are rescaled.","Original chained constant price data are rescaled.",NA
"ESP",2020,"Original chained constant price data are rescaled.","Original chained constant price data are rescaled.",NA
"ESP",2021,"Original chained constant price data are rescaled.","Original chained constant price data are rescaled.",NA
"ESP",2022,"Original chained constant price data are rescaled.","Original chained constant price data are rescaled.",NA
"EST",2016,"Original chained constant price data are rescaled.","Original chained constant price data are rescaled.",NA
"EST",2017,"Original chained constant price data are rescaled.","Original chained constant price data are rescaled.",NA
"EST",2018,"Original chained constant price data are rescaled.","Original chained constant price data are rescaled.",NA
"EST",2019,"Original chained constant price data are rescaled.","Original chained constant price data are rescaled.",NA
"EST",2020,"Original chained constant price data are rescaled.","Original chained constant price data are rescaled.",NA
"EST",2021,"Original chained constant price data are rescaled.","Original chained constant price data are rescaled.",NA
"EST",2022,"Original chained constant price data are rescaled.","Original chained constant price data are rescaled.",NA
"ETH",2016,"2010/11","2010/11","2011"
"ETH",2017,"2010/11","2010/11","2011"
"ETH",2018,"20015/2016","20015/2016","2016"
"ETH",2019,"20015/2016","20015/2016","2016"
"ETH",2020,"2015/2016","2015/2016","2020"
"ETH",2021,"2015/2016","2015/2016","2020"
"ETH",2022,"2015/2016","2015/2016","2020"
"FIN",2016,"Original chained constant price data are rescaled.","Original chained constant price data are rescaled.",NA
"FIN",2017,"Original chained constant price data are rescaled.","Original chained constant price data are rescaled.",NA
"FIN",2018,"Original chained constant price data are rescaled.","Original chained constant price data are rescaled.",NA
"FIN",2019,"Original chained constant price data are rescaled.","Original chained constant price data are rescaled.",NA
"FIN",2020,"Original chained constant price data are rescaled.","Original chained constant price data are rescaled.",NA
"FIN",2021,"Original chained constant price data are rescaled.","Original chained constant price data are rescaled.",NA
"FIN",2022,"Original chained constant price data are rescaled.","Original chained constant price data are rescaled.",NA
"FJI",2016,"2005","2005","2005"
"FJI",2017,"2011","2011","2011"
"FJI",2018,"2011","2011","2011"
"FJI",2019,"2014","2014","2014"
"FJI",2020,"2014","2014","2014"
"FJI",2021,"2014","2014","2014"
"FJI",2022,"2014","2014","2014"
"FRA",2016,"Original chained constant price data are rescaled.","Original chained constant price data are rescaled.",NA
"FRA",2017,"Original chained constant price data are rescaled.","Original chained constant price data are rescaled.",NA
"FRA",2018,"Original chained constant price data are rescaled.","Original chained constant price data are rescaled.",NA
"FRA",2019,"Original chained constant price data are rescaled.","Original chained constant price data are rescaled.",NA
"FRA",2020,"Original chained constant price data are rescaled.","Original chained constant price data are rescaled.",NA
"FRA",2021,"Original chained constant price data are rescaled.","Original chained constant price data are rescaled.",NA
"FRA",2022,"Original chained constant price data are rescaled.","Original chained constant price data are rescaled.",NA
"FRO",2016,NA,NA,NA
"FRO",2017,NA,NA,NA
"FRO",2018,NA,NA,NA
"FRO",2019,NA,NA,NA
"FRO",2020,NA,NA,NA
"FRO",2021,NA,NA,NA
"FRO",2022,NA,NA,NA
"FSM",2016,"2003/04","2003/04","2004"
"FSM",2017,"2003/04","2003/04","2004"
"FSM",2018,"2004","2004","2004"
"FSM",2019,"2004","2004","2004"
"FSM",2020,"2004","2004","2004"
"FSM",2021,"2004","2004","2004"
"FSM",2022,"2003/04","2003/04","2004"
"GAB",2016,"2001","2001","2001"
"GAB",2017,"2001","2001","2001"
"GAB",2018,"2001","2001","2001"
"GAB",2019,"2001","2001","2001"
"GAB",2020,"2001","2001","2001"
"GAB",2021,"2001","2001","2001"
"GAB",2022,"2001","2001","2001"
"GBR",2016,"Original chained constant price data are rescaled.","Original chained constant price data are rescaled.",NA
"GBR",2017,"Original chained constant price data are rescaled.","Original chained constant price data are rescaled.",NA
"GBR",2018,"Original chained constant price data are rescaled.","Original chained constant price data are rescaled.",NA
"GBR",2019,"Original chained constant price data are rescaled.","Original chained constant price data are rescaled.",NA
"GBR",2020,"Original chained constant price data are rescaled.","Original chained constant price data are rescaled.",NA
"GBR",2021,"Original chained constant price data are rescaled.","Original chained constant price data are rescaled.",NA
"GBR",2022,"Original chained constant price data are rescaled.","Original chained constant price data are rescaled.",NA
"GEO",2016,"Original chained constant price data are rescaled.","Original chained constant price data are rescaled.",NA
"GEO",2017,"Original chained constant price data are rescaled.","Original chained constant price data are rescaled.",NA
"GEO",2018,"1996","1996","1996"
"GEO",2019,"Original chained constant price data are rescaled.","Original chained constant price data are rescaled.",NA
"GEO",2020,"Original chained constant price data are rescaled.","Original chained constant price data are rescaled.",NA
"GEO",2021,"Original chained constant price data are rescaled.","Original chained constant price data are rescaled.",NA
"GEO",2022,"Original chained constant price data are rescaled.","Original chained constant price data are rescaled.",NA
"GHA",2016,"2006","2006","2006"
"GHA",2017,"2006","2006","2006"
"GHA",2018,"2006","2006","2006"
"GHA",2019,"2013","2013","2013"
"GHA",2020,"2013","2013","2013"
"GHA",2021,"2013","2013","2013"
"GHA",2022,"2013","2013","2013"
"GIB",2016,NA,NA,NA
"GIB",2017,NA,NA,NA
"GIB",2018,NA,NA,NA
"GIB",2019,NA,NA,NA
"GIB",2020,NA,NA,NA
"GIB",2021,NA,NA,NA
"GIB",2022,NA,NA,NA
"GIN",2016,"2003","2003","2003"
"GIN",2017,"2003","2003","2003"
"GIN",2018,"2003","2003","2003"
"GIN",2019,"Original chained constant price data are rescaled.","Original chained constant price data are rescaled.",NA
"GIN",2020,"Original chained constant price data are rescaled.","Original chained constant price data are rescaled.",NA
"GIN",2021,"Original chained constant price data are rescaled.","Original chained constant price data are rescaled.",NA
"GIN",2022,"Original chained constant price data are rescaled.","Original chained constant price data are rescaled.",NA
"GMB",2016,"2004","2004","2004"
"GMB",2017,"2004","2004","2004"
"GMB",2018,"2004","2004","2004"
"GMB",2019,"2013","2013","2013"
"GMB",2020,"2013","2013","2013"
"GMB",2021,"2013","2013","2013"
"GMB",2022,"2013","2013","2013"
"GNB",2016,"2005","2005","2005"
"GNB",2017,"2005","2005","2005"
"GNB",2018,"2005","2005","2005"
"GNB",2019,"2005","2005","2005"
"GNB",2020,"2005","2005","2005"
"GNB",2021,"2005","2005","2005"
"GNB",2022,"2005","2005","2005"
"GNQ",2016,"2006","2006","2006"
"GNQ",2017,"2006","2006","2006"
"GNQ",2018,"2006","2006","2006"
"GNQ",2019,"2006","2006","2006"
"GNQ",2020,"2006","2006","2006"
"GNQ",2021,"2006","2006","2006"
"GNQ",2022,"2006","2006","2006"
"GRC",2016,"Original chained constant price data are rescaled.","Original chained constant price data are rescaled.",NA
"GRC",2017,"Original chained constant price data are rescaled.","Original chained constant price data are rescaled.",NA
"GRC",2018,"Original chained constant price data are rescaled.","Original chained constant price data are rescaled.",NA
"GRC",2019,"Original chained constant price data are rescaled.","Original chained constant price data are rescaled.",NA
"GRC",2020,"Original chained constant price data are rescaled.","Original chained constant price data are rescaled.",NA
"GRC",2021,"Original chained constant price data are rescaled.","Original chained constant price data are rescaled.",NA
"GRC",2022,"Original chained constant price data are rescaled.","Original chained constant price data are rescaled.",NA
"GRD",2016,"2006","2006","2006"
"GRD",2017,"2006","2006","2006"
"GRD",2018,"2006","2006","2006"
"GRD",2019,"2006","2006","2006"
"GRD",2020,"2006","2006","2006"
"GRD",2021,"2006","2006","2006"
"GRD",2022,"2006","2006","2006"
"GRL",2016,"1990","1990","1990"
"GRL",2017,"2010","2010","2010"
"GRL",2018,"2010","2010","2010"
"GRL",2019,"Original chained constant price data are rescaled.","Original chained constant price data are rescaled.",NA
"GRL",2020,NA,NA,NA
"GRL",2021,NA,NA,NA
"GRL",2022,NA,NA,NA
"GTM",2016,"2001","2001","2001"
"GTM",2017,"2001","2001","2001"
"GTM",2018,"2001","2001","2001"
"GTM",2019,"Original chained constant price data are rescaled.","Original chained constant price data are rescaled.",NA
"GTM",2020,"Original chained constant price data are rescaled.","Original chained constant price data are rescaled.",NA
"GTM",2021,"Original chained constant price data are rescaled.","Original chained constant price data are rescaled.",NA
"GTM",2022,"Original chained constant price data are rescaled.","Original chained constant price data are rescaled.",NA
"GUM",2016,NA,NA,NA
"GUM",2017,NA,NA,NA
"GUM",2018,"2009","2009","2009"
"GUM",2019,"2009","2009","2009"
"GUM",2020,"2009","2009","2009"
"GUM",2021,"2012","2012","2012"
"GUM",2022,"2012","2012","2012"
"GUY",2016,"2006","2006","2006"
"GUY",2017,"2006","2006","2006"
"GUY",2018,"2006","2006","2006"
"GUY",2019,"2006","2006","2006"
"GUY",2020,"2012","2012","2012"
"GUY",2021,"2012","2012","2012"
"GUY",2022,"2012","2012","2012"
"HKG",2016,"Original chained constant price data are rescaled.","Original chained constant price data are rescaled.",NA
"HKG",2017,"Original chained constant price data are rescaled.","Original chained constant price data are rescaled.",NA
"HKG",2018,"Original chained constant price data are rescaled.","Original chained constant price data are rescaled.",NA
"HKG",2019,"Original chained constant price data are rescaled.","Original chained constant price data are rescaled.",NA
"HKG",2020,"Original chained constant price data are rescaled.","Original chained constant price data are rescaled.",NA
"HKG",2021,"Original chained constant price data are rescaled.","Original chained constant price data are rescaled.",NA
"HKG",2022,"Original chained constant price data are rescaled.","Original chained constant price data are rescaled.",NA
"HND",2016,"2000","2000","2000"
"HND",2017,"2000","2000","2000"
"HND",2018,"2000","2000","2000"
"HND",2019,"2000","2000","2000"
"HND",2020,"2000","2000","2000"
"HND",2021,"2000","2000","2000"
"HND",2022,"2000","2000","2000"
"HRV",2016,"Original chained constant price data are rescaled.","Original chained constant price data are rescaled.",NA
"HRV",2017,"Original chained constant price data are rescaled.","Original chained constant price data are rescaled.",NA
"HRV",2018,"Original chained constant price data are rescaled.","Original chained constant price data are rescaled.",NA
"HRV",2019,"Original chained constant price data are rescaled.","Original chained constant price data are rescaled.",NA
"HRV",2020,"Original chained constant price data are rescaled.","Original chained constant price data are rescaled.",NA
"HRV",2021,"Original chained constant price data are rescaled.","Original chained constant price data are rescaled.",NA
"HRV",2022,"Original chained constant price data are rescaled.","Original chained constant price data are rescaled.",NA
"HTI",2016,"1986/87","1986/87","1987"
"HTI",2017,"1986/87","1986/87","1987"
"HTI",2018,"1986/87","1986/87","1987"
"HTI",2019,"1986/87","1986/87","1987"
"HTI",2020,"2011/12","2011/12","2012"
"HTI",2021,"2011/12","2011/12","2012"
"HTI",2022,"2011/12","2011/12","2012"
"HUN",2016,"Original chained constant price data are rescaled.","Original chained constant price data are rescaled.",NA
"HUN",2017,"Original chained constant price data are rescaled.","Original chained constant price data are rescaled.",NA
"HUN",2018,"Original chained constant price data are rescaled.","Original chained constant price data are rescaled.",NA
"HUN",2019,"Original chained constant price data are rescaled.","Original chained constant price data are rescaled.",NA
"HUN",2020,"Original chained constant price data are rescaled.","Original chained constant price data are rescaled.",NA
"HUN",2021,"Original chained constant price data are rescaled.","Original chained constant price data are rescaled.",NA
"HUN",2022,"Original chained constant price data are rescaled.","Original chained constant price data are rescaled.",NA
"IDN",2016,"2010","2010","2010"
"IDN",2017,"2010","2010","2010"
"IDN",2018,"2010","2010","2010"
"IDN",2019,"2010","2010","2010"
"IDN",2020,"2010","2010","2010"
"IDN",2021,"2010","2010","2010"
"IDN",2022,"2010","2010","2010"
"IMN",2017,"2013","2013","2013"
"IMN",2018,"2013","2013","2013"
"IMN",2019,"Original chained constant price data are rescaled.","Original chained constant price data are rescaled.",NA
"IMN",2020,"Original chained constant price data are rescaled.","Original chained constant price data are rescaled.",NA
"IMN",2021,"Original chained constant price data are rescaled.","Original chained constant price data are rescaled.",NA
"IMN",2022,"Original chained constant price data are rescaled.","Original chained constant price data are rescaled.",NA
"IMY",2016,"2013","2013","2013"
"IND",2016,"2011/12","2011/12","2012"
"IND",2017,"2011/12","2011/12","2012"
"IND",2018,"2011/12","2011/12","2012"
"IND",2019,"2011","2011","2011"
"IND",2020,"2011","2011","2011"
"IND",2021,"2011","2011","2011"
"IND",2022,"2011/12","2011/12","2012"
"IRL",2016,"Original chained constant price data are rescaled.","Original chained constant price data are rescaled.",NA
"IRL",2017,"Original chained constant price data are rescaled.","Original chained constant price data are rescaled.",NA
"IRL",2018,"Original chained constant price data are rescaled.","Original chained constant price data are rescaled.",NA
"IRL",2019,"Original chained constant price data are rescaled.","Original chained constant price data are rescaled.",NA
"IRL",2020,"Original chained constant price data are rescaled.","Original chained constant price data are rescaled.",NA
"IRL",2021,"Original chained constant price data are rescaled.","Original chained constant price data are rescaled.",NA
"IRL",2022,"Original chained constant price data are rescaled.","Original chained constant price data are rescaled.",NA
"IRN",2016,"2004/05","2004/05","2005"
"IRN",2017,"2004/05","2004/05","2005"
"IRN",2018,"2011","2011","2011"
"IRN",2019,"2011","2011","2011"
"IRN",2020,"2011/2012","2011/2012","2020"
"IRN",2021,"2011/2012","2011/2012","2020"
"IRN",2022,"2016/17","2016/17","2017"
"IRQ",2016,"2007","2007","2007"
"IRQ",2017,"2007","2007","2007"
"IRQ",2018,"2007","2007","2007"
"IRQ",2019,"2007","2007","2007"
"IRQ",2020,"2007","2007","2007"
"IRQ",2021,"2007","2007","2007"
"IRQ",2022,"2007","2007","2007"
"ISL",2016,"Original chained constant price data are rescaled.","Original chained constant price data are rescaled.",NA
"ISL",2017,"Original chained constant price data are rescaled.","Original chained constant price data are rescaled.",NA
"ISL",2018,"Original chained constant price data are rescaled.","Original chained constant price data are rescaled.",NA
"ISL",2019,"Original chained constant price data are rescaled.","Original chained constant price data are rescaled.",NA
"ISL",2020,"Original chained constant price data are rescaled.","Original chained constant price data are rescaled.",NA
"ISL",2021,"Original chained constant price data are rescaled.","Original chained constant price data are rescaled.",NA
"ISL",2022,"Original chained constant price data are rescaled.","Original chained constant price data are rescaled.",NA
"ISR",2016,"Original chained constant price data are rescaled.","Original chained constant price data are rescaled.",NA
"ISR",2017,"Original chained constant price data are rescaled.","Original chained constant price data are rescaled.",NA
"ISR",2018,"Original chained constant price data are rescaled.","Original chained constant price data are rescaled.",NA
"ISR",2019,"Original chained constant price data are rescaled.","Original chained constant price data are rescaled.",NA
"ISR",2020,"Original chained constant price data are rescaled.","Original chained constant price data are rescaled.",NA
"ISR",2021,"Original chained constant price data are rescaled.","Original chained constant price data are rescaled.",NA
"ISR",2022,"Original chained constant price data are rescaled.","Original chained constant price data are rescaled.",NA
"ITA",2016,"Original chained constant price data are rescaled.","Original chained constant price data are rescaled.",NA
"ITA",2017,"Original chained constant price data are rescaled.","Original chained constant price data are rescaled.",NA
"ITA",2018,"Original chained constant price data are rescaled.","Original chained constant price data are rescaled.",NA
"ITA",2019,"Original chained constant price data are rescaled.","Original chained constant price data are rescaled.",NA
"ITA",2020,"Original chained constant price data are rescaled.","Original chained constant price data are rescaled.",NA
"ITA",2021,"Original chained constant price data are rescaled.","Original chained constant price data are rescaled.",NA
"ITA",2022,"Original chained constant price data are rescaled.","Original chained constant price data are rescaled.",NA
"JAM",2016,"2007","2007","2007"
"JAM",2017,"2007","2007","2007"
"JAM",2018,"2007","2007","2007"
"JAM",2019,"2007","2007","2007"
"JAM",2020,"2007","2007","2007"
"JAM",2021,"2007","2007","2007"
"JAM",2022,"2007","2007","2007"
"JOR",2016,"1994","1994","1994"
"JOR",2017,"1994","1994","1994"
"JOR",2018,"1994","1994","1994"
"JOR",2019,"2016","2016","2016"
"JOR",2020,"2016","2016","2016"
"JOR",2021,"2016","2016","2016"
"JOR",2022,"2016","2016","2016"
"JPN",2016,"Original chained constant price data are rescaled.","Original chained constant price data are rescaled.",NA
"JPN",2017,"Original chained constant price data are rescaled.","Original chained constant price data are rescaled.",NA
"JPN",2018,"Original chained constant price data are rescaled.","Original chained constant price data are rescaled.",NA
"JPN",2019,"Original chained constant price data are rescaled.","Original chained constant price data are rescaled.",NA
"JPN",2020,"Original chained constant price data are rescaled.","Original chained constant price data are rescaled.",NA
"JPN",2021,"Original chained constant price data are rescaled.","Original chained constant price data are rescaled.",NA
"JPN",2022,"Original chained constant price data are rescaled.","Original chained constant price data are rescaled.",NA
"KAZ",2016,"Original chained constant price data are rescaled.","Original chained constant price data are rescaled.",NA
"KAZ",2017,"Original chained constant price data are rescaled.","Original chained constant price data are rescaled.",NA
"KAZ",2018,"Original chained constant price data are rescaled.","Original chained constant price data are rescaled.",NA
"KAZ",2019,"Original chained constant price data are rescaled.","Original chained constant price data are rescaled.",NA
"KAZ",2020,"Original chained constant price data are rescaled.","Original chained constant price data are rescaled.",NA
"KAZ",2021,"Original chained constant price data are rescaled.","Original chained constant price data are rescaled.",NA
"KAZ",2022,"Original chained constant price data are rescaled.","Original chained constant price data are rescaled.",NA
"KEN",2016,"2009","2009","2009"
"KEN",2017,"2009","2009","2009"
"KEN",2018,"2009","2009","2009"
"KEN",2019,"2009","2009","2009"
"KEN",2020,"2009","2009","2009"
"KEN",2021,"2009","2009","2009"
"KEN",2022,"2016","2016","2016"
"KGZ",2016,"Original chained constant price data are rescaled.","Original chained constant price data are rescaled.",NA
"KGZ",2017,"Original chained constant price data are rescaled.","Original chained constant price data are rescaled.",NA
"KGZ",2018,"1995","1995","1995"
"KGZ",2019,"Original chained constant price data are rescaled.","Original chained constant price data are rescaled.",NA
"KGZ",2020,"Original chained constant price data are rescaled.","Original chained constant price data are rescaled.",NA
"KGZ",2021,"Original chained constant price data are rescaled.","Original chained constant price data are rescaled.",NA
"KGZ",2022,"Original chained constant price data are rescaled.","Original chained constant price data are rescaled.",NA
"KHM",2016,"2000","2000","2000"
"KHM",2017,"2000","2000","2000"
"KHM",2018,"2000","2000","2000"
"KHM",2019,"2000","2000","2000"
"KHM",2020,"2000","2000","2000"
"KHM",2021,"2000","2000","2000"
"KHM",2022,"2000","2000","2000"
"KIR",2016,"2006","2006","2006"
"KIR",2017,"2006","2006","2006"
"KIR",2018,"2006","2006","2006"
"KIR",2019,"2006","2006","2006"
"KIR",2020,"2006","2006","2006"
"KIR",2021,"2006","2006","2006"
"KIR",2022,"2006","2006","2006"
"KNA",2016,"2006","2006","2006"
"KNA",2017,"2006","2006","2006"
"KNA",2018,"2006","2006","2006"
"KNA",2019,"2006","2006","2006"
"KNA",2020,"2006","2006","2006"
"KNA",2021,"2006","2006","2006"
"KNA",2022,"2006","2006","2006"
"KOR",2016,"2010","2010","2010"
"KOR",2017,"2010","2010","2010"
"KOR",2018,"2010","2010","2010"
"KOR",2019,"2010","2010","2010"
"KOR",2020,"Original chained constant price data are rescaled.","Original chained constant price data are rescaled.",NA
"KOR",2021,"Original chained constant price data are rescaled.","Original chained constant price data are rescaled.",NA
"KOR",2022,"Original chained constant price data are rescaled.","Original chained constant price data are rescaled.",NA
"KSV",2016,"2008","2008","2008"
"KWT",2016,"2010","2010","2010"
"KWT",2017,"2010","2010","2010"
"KWT",2018,"2010","2010","2010"
"KWT",2019,"2010","2010","2010"
"KWT",2020,"2010","2010","2010"
"KWT",2021,"2010","2010","2010"
"KWT",2022,"2010","2010","2010"
"LAO",2016,"2002","2002","2002"
"LAO",2017,"2012","2012","2012"
"LAO",2018,"2012","2012","2012"
"LAO",2019,"2012","2012","2012"
"LAO",2020,"2012","2012","2012"
"LAO",2021,"2012","2012","2012"
"LAO",2022,"2012","2012","2012"
"LBN",2016,"1997","1997","1997"
"LBN",2017,NA,NA,NA
"LBN",2018,"2010","2010","2010"
"LBN",2019,"2010","2010","2010"
"LBN",2020,"2010","2010","2010"
"LBN",2021,"2010","2010","2010"
"LBN",2022,"2010","2010","2010"
"LBR",2016,"2000","2000","2000"
"LBR",2017,"2000","2000","2000"
"LBR",2018,"2000","2000","2000"
"LBR",2019,"1992","1992","1992"
"LBR",2020,"1992","1992","1992"
"LBR",2021,"1992","1992","1992"
"LBR",2022,"2016","2016","2016"
"LBY",2016,"2003","2003","2003"
"LBY",2017,"2003","2003","2003"
"LBY",2018,"2003","2003","2003"
"LBY",2019,"2003","2003","2003"
"LBY",2020,"2007","2007","2007"
"LBY",2021,"2003","2003","2003"
"LBY",2022,"2013","2013","2013"
"LCA",2016,"2006","2006","2006"
"LCA",2017,"2006","2006","2006"
"LCA",2018,"2006","2006","2006"
"LCA",2019,"2006","2006","2006"
"LCA",2020,"2018","2018","2018"
"LCA",2021,"2018","2018","2018"
"LCA",2022,"2018","2018","2018"
"LIE",2016,"1990","1990","1990"
"LIE",2017,"1990","1990","1990"
"LIE",2018,"1990","1990","1990"
"LIE",2019,"1998","1998","1998"
"LIE",2020,"1998","1998","1998"
"LIE",2021,"1998","1998","1998"
"LIE",2022,"1998","1998","1998"
"LKA",2016,"2010","2010","2010"
"LKA",2017,"2010","2010","2010"
"LKA",2018,"2010","2010","2010"
"LKA",2019,"2010","2010","2010"
"LKA",2020,"2010","2010","2010"
"LKA",2021,"2010","2010","2010"
"LKA",2022,"2010","2010","2010"
"LSO",2016,"2004","2004","2004"
"LSO",2017,"2012","2012","2012"
"LSO",2018,"2012","2012","2012"
"LSO",2019,"2012","2012","2012"
"LSO",2020,"2012","2012","2012"
"LSO",2021,"2012","2012","2012"
"LSO",2022,"2012","2012","2012"
"LTU",2016,"Original chained constant price data are rescaled.","Original chained constant price data are rescaled.",NA
"LTU",2017,"Original chained constant price data are rescaled.","Original chained constant price data are rescaled.",NA
"LTU",2018,"Original chained constant price data are rescaled.","Original chained constant price data are rescaled.",NA
"LTU",2019,"Original chained constant price data are rescaled.","Original chained constant price data are rescaled.",NA
"LTU",2020,"Original chained constant price data are rescaled.","Original chained constant price data are rescaled.",NA
"LTU",2021,"Original chained constant price data are rescaled.","Original chained constant price data are rescaled.",NA
"LTU",2022,"Original chained constant price data are rescaled.","Original chained constant price data are rescaled.",NA
"LUX",2016,"Original chained constant price data are rescaled.","Original chained constant price data are rescaled.",NA
"LUX",2017,"Original chained constant price data are rescaled.","Original chained constant price data are rescaled.",NA
"LUX",2018,"Original chained constant price data are rescaled.","Original chained constant price data are rescaled.",NA
"LUX",2019,"Original chained constant price data are rescaled.","Original chained constant price data are rescaled.",NA
"LUX",2020,"Original chained constant price data are rescaled.","Original chained constant price data are rescaled.",NA
"LUX",2021,"Original chained constant price data are rescaled.","Original chained constant price data are rescaled.",NA
"LUX",2022,"Original chained constant price data are rescaled.","Original chained constant price data are rescaled.",NA
"LVA",2016,"Original chained constant price data are rescaled.","Original chained constant price data are rescaled.",NA
"LVA",2017,"Original chained constant price data are rescaled.","Original chained constant price data are rescaled.",NA
"LVA",2018,"Original chained constant price data are rescaled.","Original chained constant price data are rescaled.",NA
"LVA",2019,"Original chained constant price data are rescaled.","Original chained constant price data are rescaled.",NA
"LVA",2020,"Original chained constant price data are rescaled.","Original chained constant price data are rescaled.",NA
"LVA",2021,"Original chained constant price data are rescaled.","Original chained constant price data are rescaled.",NA
"LVA",2022,"Original chained constant price data are rescaled.","Original chained constant price data are rescaled.",NA
"MAC",2016,"2013","2013","2013"
"MAC",2017,"2015","2015","2015"
"MAC",2018,"Original chained constant price data are rescaled.","Original chained constant price data are rescaled.",NA
"MAC",2019,"Original chained constant price data are rescaled.","Original chained constant price data are rescaled.",NA
"MAC",2020,"Original chained constant price data are rescaled.","Original chained constant price data are rescaled.",NA
"MAC",2021,"Original chained constant price data are rescaled.","Original chained constant price data are rescaled.",NA
"MAC",2022,"Original chained constant price data are rescaled.","Original chained constant price data are rescaled.",NA
"MAF",2016,NA,NA,NA
"MAF",2017,NA,NA,NA
"MAF",2018,NA,NA,NA
"MAF",2019,NA,NA,NA
"MAF",2020,NA,NA,NA
"MAF",2021,NA,NA,NA
"MAF",2022,NA,NA,NA
"MAR",2016,"2007","2007","2007"
"MAR",2017,"2007","2007","2007"
"MAR",2018,"2007","2007","2007"
"MAR",2019,"2007","2007","2007"
"MAR",2020,"2007","2007","2007"
"MAR",2021,"2007","2007","2007"
"MAR",2022,"2007","2007","2007"
"MCO",2016,"1990","1990","1990"
"MCO",2017,"1990","1990","1990"
"MCO",2018,"1990","1990","1990"
"MCO",2019,"2010","2010","2010"
"MCO",2020,"2010","2010","2010"
"MCO",2021,"2010","2010","2010"
"MCO",2022,"Original chained constant price data are rescaled.","Original chained constant price data are rescaled.",NA
"MDA",2016,"Original chained constant price data are rescaled.","Original chained constant price data are rescaled.",NA
"MDA",2017,"2000","2000","2000"
"MDA",2018,"2000","2000","2000"
"MDA",2019,"Original chained constant price data are rescaled.","Original chained constant price data are rescaled.",NA
"MDA",2020,"Original chained constant price data are rescaled.","Original chained constant price data are rescaled.",NA
"MDA",2021,"Original chained constant price data are rescaled.","Original chained constant price data are rescaled.",NA
"MDA",2022,"Original chained constant price data are rescaled.","Original chained constant price data are rescaled.",NA
"MDG",2016,"1984","1984","1984"
"MDG",2017,"1984","1984","1984"
"MDG",2018,"1984","1984","1984"
"MDG",2019,"2007","2007","2007"
"MDG",2020,"2007","2007","2007"
"MDG",2021,"2007","2007","2007"
"MDG",2022,"2007","2007","2007"
"MDV",2016,"2003","2003","2003"
"MDV",2017,"2003","2003","2003"
"MDV",2018,"2014","2014","2014"
"MDV",2019,"2014","2014","2014"
"MDV",2020,"2014","2014","2014"
"MDV",2021,"2014","2014","2014"
"MDV",2022,"2014","2014","2014"
"MEX",2016,"2008","2008","2008"
"MEX",2017,"2008","2008","2008"
"MEX",2018,"2013","2013","2013"
"MEX",2019,"2013","2013","2013"
"MEX",2020,"2013","2013","2013"
"MEX",2021,"2013","2013","2013"
"MEX",2022,"2013","2013","2013"
"MHL",2016,"2003/04","2003/04","2004"
"MHL",2017,"2003/04","2003/04","2004"
"MHL",2018,"2004","2004","2004"
"MHL",2019,"2015","2015","2015"
"MHL",2020,"2015","2015","2015"
"MHL",2021,"2015","2015","2015"
"MHL",2022,"2014/15","2014/15","2015"
"MKD",2016,"2005","2005","2005"
"MKD",2017,"2005","2005","2005"
"MKD",2018,"2005","2005","2005"
"MKD",2019,"Original chained constant price data are rescaled.","Original chained constant price data are rescaled.",NA
"MKD",2020,"Original chained constant price data are rescaled.","Original chained constant price data are rescaled.",NA
"MKD",2021,"Original chained constant price data are rescaled.","Original chained constant price data are rescaled.",NA
"MKD",2022,"Original chained constant price data are rescaled.","Original chained constant price data are rescaled.",NA
"MLI",2016,"1999","1999","1999"
"MLI",2017,"1999","1999","1999"
"MLI",2018,"1999","1999","1999"
"MLI",2019,"1999","1999","1999"
"MLI",2020,"1999","1999","1999"
"MLI",2021,"1999","1999","1999"
"MLI",2022,"1999","1999","1999"
"MLT",2016,"Original chained constant price data are rescaled.","Original chained constant price data are rescaled.",NA
"MLT",2017,"Original chained constant price data are rescaled.","Original chained constant price data are rescaled.",NA
"MLT",2018,"2010","2010","2010"
"MLT",2019,"Original chained constant price data are rescaled.","Original chained constant price data are rescaled.",NA
"MLT",2020,"Original chained constant price data are rescaled.","Original chained constant price data are rescaled.",NA
"MLT",2021,"Original chained constant price data are rescaled.","Original chained constant price data are rescaled.",NA
"MLT",2022,"Original chained constant price data are rescaled.","Original chained constant price data are rescaled.",NA
"MMR",2016,"2005/06","2005/06","2006"
"MMR",2017,"2010/11","2010/11","2011"
"MMR",2018,"2010","2010","2010"
"MMR",2019,"2010","2010","2010"
"MMR",2020,"2015","2015","2015"
"MMR",2021,"2015","2015","2015"
"MMR",2022,"2016","2016","2016"
"MNE",2016,"2000","2000","2000"
"MNE",2017,"2000","2000","2000"
"MNE",2018,"Original chained constant price data are rescaled.","Original chained constant price data are rescaled.",NA
"MNE",2019,"Original chained constant price data are rescaled.","Original chained constant price data are rescaled.",NA
"MNE",2020,"Original chained constant price data are rescaled.","Original chained constant price data are rescaled.",NA
"MNE",2021,"Original chained constant price data are rescaled.","Original chained constant price data are rescaled.",NA
"MNE",2022,"Original chained constant price data are rescaled.","Original chained constant price data are rescaled.",NA
"MNG",2016,"2010","2010","2010"
"MNG",2017,"2010","2010","2010"
"MNG",2018,"2010","2010","2010"
"MNG",2019,"2010","2010","2010"
"MNG",2020,"2010","2010","2010"
"MNG",2021,"2010","2010","2010"
"MNG",2022,"2015","2015","2015"
"MNP",2016,NA,NA,NA
"MNP",2017,NA,NA,NA
"MNP",2018,NA,NA,NA
"MNP",2019,"2009","2009","2009"
"MNP",2020,NA,NA,NA
"MNP",2021,NA,NA,NA
"MNP",2022,"2012","2012","2012"
"MOZ",2016,"2009","2009","2009"
"MOZ",2017,"2009","2009","2009"
"MOZ",2018,"2009","2009","2009"
"MOZ",2019,"2014","2014","2014"
"MOZ",2020,"2014","2014","2014"
"MOZ",2021,"2014","2014","2014"
"MOZ",2022,"2014","2014","2014"
"MRT",2016,"2004","2004","2004"
"MRT",2017,"2004","2004","2004"
"MRT",2018,"2004","2004","2004"
"MRT",2019,"2004","2004","2004"
"MRT",2020,"2014","2014","2014"
"MRT",2021,"2014","2014","2014"
"MRT",2022,"2014","2014","2014"
"MUS",2016,"2006","2006","2006"
"MUS",2017,"2006","2006","2006"
"MUS",2018,"2006","2006","2006"
"MUS",2019,"2006","2006","2006"
"MUS",2020,"2006","2006","2006"
"MUS",2021,"2006","2006","2006"
"MUS",2022,"2006","2006","2006"
"MWI",2016,"2010","2010","2010"
"MWI",2017,"2010","2010","2010"
"MWI",2018,"2010","2010","2010"
"MWI",2019,"2010","2010","2010"
"MWI",2020,"2010","2010","2010"
"MWI",2021,"2017","2017","2017"
"MWI",2022,"2017","2017","2017"
"MYS",2016,"2010","2010","2010"
"MYS",2017,"2010","2010","2010"
"MYS",2018,"2010","2010","2010"
"MYS",2019,"2015","2015","2015"
"MYS",2020,"2015","2015","2015"
"MYS",2021,"2015","2015","2015"
"MYS",2022,"2015","2015","2015"
"NAM",2016,"2010","2010","2010"
"NAM",2017,"2010","2010","2010"
"NAM",2018,"2010","2010","2010"
"NAM",2019,"2010","2010","2010"
"NAM",2020,"2015","2015","2015"
"NAM",2021,"2015","2015","2015"
"NAM",2022,"2015","2015","2015"
"NCL",2016,"1990","1990","1990"
"NCL",2017,"1990","1990","1990"
"NCL",2018,NA,NA,NA
"NCL",2019,"1990","1990","1990"
"NCL",2020,"1990","1990","1990"
"NCL",2021,"1990","1990","1990"
"NCL",2022,"2017","2017","2017"
"NER",2016,"2006","2006","2006"
"NER",2017,"2006","2006","2006"
"NER",2018,"2006","2006","2006"
"NER",2019,"2006","2006","2006"
"NER",2020,"2015","2015","2015"
"NER",2021,"2015","2015","2015"
"NER",2022,"2015","2015","2015"
"NGA",2016,"2010","2010","2010"
"NGA",2017,"2010","2010","2010"
"NGA",2018,"2010","2010","2010"
"NGA",2019,"2010","2010","2010"
"NGA",2020,"2010","2010","2010"
"NGA",2021,"2010","2010","2010"
"NGA",2022,"2010","2010","2010"
"NIC",2016,"2006","2006","2006"
"NIC",2017,"2006","2006","2006"
"NIC",2018,"1994","1994","1994"
"NIC",2019,"Original chained constant price data are rescaled.","Original chained constant price data are rescaled.",NA
"NIC",2020,"Original chained constant price data are rescaled.","Original chained constant price data are rescaled.",NA
"NIC",2021,"Original chained constant price data are rescaled.","Original chained constant price data are rescaled.",NA
"NIC",2022,"Original chained constant price data are rescaled.","Original chained constant price data are rescaled.",NA
"NLD",2016,"Original chained constant price data are rescaled.","Original chained constant price data are rescaled.",NA
"NLD",2017,"Original chained constant price data are rescaled.","Original chained constant price data are rescaled.",NA
"NLD",2018,"Original chained constant price data are rescaled.","Original chained constant price data are rescaled.",NA
"NLD",2019,"Original chained constant price data are rescaled.","Original chained constant price data are rescaled.",NA
"NLD",2020,"Original chained constant price data are rescaled.","Original chained constant price data are rescaled.",NA
"NLD",2021,"Original chained constant price data are rescaled.","Original chained constant price data are rescaled.",NA
"NLD",2022,"Original chained constant price data are rescaled.","Original chained constant price data are rescaled.",NA
"NOR",2016,"Original chained constant price data are rescaled.","Original chained constant price data are rescaled.",NA
"NOR",2017,"Original chained constant price data are rescaled.","Original chained constant price data are rescaled.",NA
"NOR",2018,"Original chained constant price data are rescaled.","Original chained constant price data are rescaled.",NA
"NOR",2019,"Original chained constant price data are rescaled.","Original chained constant price data are rescaled.",NA
"NOR",2020,"Original chained constant price data are rescaled.","Original chained constant price data are rescaled.",NA
"NOR",2021,"Original chained constant price data are rescaled.","Original chained constant price data are rescaled.",NA
"NOR",2022,"Original chained constant price data are rescaled.","Original chained constant price data are rescaled.",NA
"NPL",2016,"2000/01","2000/01","2001"
"NPL",2017,"2000/01","2000/01","2001"
"NPL",2018,"2000/01","2000/01","2001"
"NPL",2019,"2000/01","2000/01","2001"
"NPL",2020,"2000/01","2000/01","2001"
"NPL",2021,"2011/12","2011/12","2012"
"NPL",2022,"2010/11","2010/11","2011"
"NRU",2016,NA,NA,NA
"NRU",2017,"2007","2007","2007"
"NRU",2018,"2007","2007","2007"
"NRU",2019,"2007","2007","2007"
"NRU",2020,"2007","2007","2007"
"NRU",2021,"2007","2007","2007"
"NRU",2022,"2007","2007","2007"
"NZL",2016,"Original chained constant price data are rescaled.","Original chained constant price data are rescaled.",NA
"NZL",2017,"Original chained constant price data are rescaled.","Original chained constant price data are rescaled.",NA
"NZL",2018,"Original chained constant price data are rescaled.","Original chained constant price data are rescaled.",NA
"NZL",2019,"Original chained constant price data are rescaled.","Original chained constant price data are rescaled.",NA
"NZL",2020,"Original chained constant price data are rescaled.","Original chained constant price data are rescaled.",NA
"NZL",2021,"Original chained constant price data are rescaled.","Original chained constant price data are rescaled.",NA
"NZL",2022,"Original chained constant price data are rescaled.","Original chained constant price data are rescaled.",NA
"OMN",2016,"2010","2010","2010"
"OMN",2017,"2010","2010","2010"
"OMN",2018,"2010","2010","2010"
"OMN",2019,"2010","2010","2010"
"OMN",2020,"2010","2010","2010"
"OMN",2021,"2010","2010","2010"
"OMN",2022,"2018","2018","2018"
"PAK",2016,"2005/06","2005/06","2006"
"PAK",2017,"2005/06","2005/06","2006"
"PAK",2018,"2005/06","2005/06","2006"
"PAK",2019,"2005/06","2005/06","2006"
"PAK",2020,"2005/06","2005/06","2006"
"PAK",2021,"2005/06","2005/06","2006"
"PAK",2022,"2015/16","2015/16","2016"
"PAN",2016,"2007","2007","2007"
"PAN",2017,"2007","2007","2007"
"PAN",2018,"2007","2007","2007"
"PAN",2019,"Original chained constant price data are rescaled.","Original chained constant price data are rescaled.",NA
"PAN",2020,"Original chained constant price data are rescaled.","Original chained constant price data are rescaled.",NA
"PAN",2021,"Original chained constant price data are rescaled.","Original chained constant price data are rescaled.",NA
"PAN",2022,"Original chained constant price data are rescaled.","Original chained constant price data are rescaled.",NA
"PER",2016,"2007","2007","2007"
"PER",2017,"2007","2007","2007"
"PER",2018,"2007","2007","2007"
"PER",2019,"2007","2007","2007"
"PER",2020,"2007","2007","2007"
"PER",2021,"2007","2007","2007"
"PER",2022,"2007","2007","2007"
"PHL",2016,"2000","2000","2000"
"PHL",2017,"2000","2000","2000"
"PHL",2018,"2000","2000","2000"
"PHL",2019,"2000","2000","2000"
"PHL",2020,"2018","2018","2018"
"PHL",2021,"2018","2018","2018"
"PHL",2022,"2018","2018","2018"
"PLW",2016,"2004/05","2004/05","2005"
"PLW",2017,"2004/05","2004/05","2005"
"PLW",2018,"2015","2015","2015"
"PLW",2019,"2015","2015","2015"
"PLW",2020,"2015","2015","2015"
"PLW",2021,"2015","2015","2015"
"PLW",2022,"2019","2019","2019"
"PNG",2016,"1998","1998","1998"
"PNG",2017,"1998","1998","1998"
"PNG",2018,"2013","2013","2013"
"PNG",2019,"2013","2013","2013"
"PNG",2020,"2013","2013","2013"
"PNG",2021,"2013","2013","2013"
"PNG",2022,"2013","2013","2013"
"POL",2016,"Original chained constant price data are rescaled.","Original chained constant price data are rescaled.",NA
"POL",2017,"Original chained constant price data are rescaled.","Original chained constant price data are rescaled.",NA
"POL",2018,"2010","2010","2010"
"POL",2019,"Original chained constant price data are rescaled.","Original chained constant price data are rescaled.",NA
"POL",2020,"Original chained constant price data are rescaled.","Original chained constant price data are rescaled.",NA
"POL",2021,"Original chained constant price data are rescaled.","Original chained constant price data are rescaled.",NA
"POL",2022,"Original chained constant price data are rescaled.","Original chained constant price data are rescaled.",NA
"PRI",2016,"1953/54","1953/54","1954"
"PRI",2017,"1953/54","1953/54","1954"
"PRI",2018,"1954","1954","1954"
"PRI",2019,"1954","1954","1954"
"PRI",2020,"1954","1954","1954"
"PRI",2021,"1954","1954","1954"
"PRI",2022,"1953/54","1953/54","1954"
"PRK",2016,NA,NA,NA
"PRK",2017,NA,NA,NA
"PRK",2018,NA,NA,NA
"PRK",2019,NA,NA,NA
"PRK",2020,NA,NA,NA
"PRK",2021,NA,NA,NA
"PRK",2022,NA,NA,NA
"PRT",2016,"Original chained constant price data are rescaled.","Original chained constant price data are rescaled.",NA
"PRT",2017,"Original chained constant price data are rescaled.","Original chained constant price data are rescaled.",NA
"PRT",2018,"Original chained constant price data are rescaled.","Original chained constant price data are rescaled.",NA
"PRT",2019,"Original chained constant price data are rescaled.","Original chained constant price data are rescaled.",NA
"PRT",2020,"Original chained constant price data are rescaled.","Original chained constant price data are rescaled.",NA
"PRT",2021,"Original chained constant price data are rescaled.","Original chained constant price data are rescaled.",NA
"PRT",2022,"Original chained constant price data are rescaled.","Original chained constant price data are rescaled.",NA
"PRY",2016,"1994","1994","1994"
"PRY",2017,"1994","1994","1994"
"PRY",2018,"1994","1994","1994"
"PRY",2019,"2014","2014","2014"
"PRY",2020,"2014","2014","2014"
"PRY",2021,"2014","2014","2014"
"PRY",2022,"2014","2014","2014"
"PSE",2017,"2004","2004","2004"
"PSE",2018,"2015","2015","2015"
"PSE",2019,"2015","2015","2015"
"PSE",2020,"2015","2015","2015"
"PSE",2021,"2015","2015","2015"
"PSE",2022,"2015","2015","2015"
"PYF",2016,"1990","1990","1990"
"PYF",2017,"1990","1990","1990"
"PYF",2018,"2005","2005","2005"
"PYF",2019,"1990","1990","1990"
"PYF",2020,"1990","1990","1990"
"PYF",2021,"1990","1990","1990"
"PYF",2022,"2005","2005","2005"
"QAT",2016,"2013","2013","2013"
"QAT",2017,"2013","2013","2013"
"QAT",2018,"2013","2013","2013"
"QAT",2019,"2013","2013","2013"
"QAT",2020,"2018","2018","2018"
"QAT",2021,"2018","2018","2018"
"QAT",2022,"2018","2018","2018"
"ROM",2016,"2005","2005","2005"
"ROU",2017,"2005","2005","2005"
"ROU",2018,"Original chained constant price data are rescaled.","Original chained constant price data are rescaled.",NA
"ROU",2019,"Original chained constant price data are rescaled.","Original chained constant price data are rescaled.",NA
"ROU",2020,"Original chained constant price data are rescaled.","Original chained constant price data are rescaled.",NA
"ROU",2021,"Original chained constant price data are rescaled.","Original chained constant price data are rescaled.",NA
"ROU",2022,"Original chained constant price data are rescaled.","Original chained constant price data are rescaled.",NA
"RUS",2016,"2011","2011","2011"
"RUS",2017,"2011","2011","2011"
"RUS",2018,"2016","2016","2016"
"RUS",2019,"Original chained constant price data are rescaled.","Original chained constant price data are rescaled.",NA
"RUS",2020,"Original chained constant price data are rescaled.","Original chained constant price data are rescaled.",NA
"RUS",2021,"Original chained constant price data are rescaled.","Original chained constant price data are rescaled.",NA
"RUS",2022,"Original chained constant price data are rescaled.","Original chained constant price data are rescaled.",NA
"RWA",2016,"2011","2011","2011"
"RWA",2017,"2014","2014","2014"
"RWA",2018,"2014","2014","2014"
"RWA",2019,"2014","2014","2014"
"RWA",2020,"2017","2017","2017"
"RWA",2021,"2017","2017","2017"
"RWA",2022,"2017","2017","2017"
"SAU",2016,"2010","2010","2010"
"SAU",2017,"2010","2010","2010"
"SAU",2018,"2010","2010","2010"
"SAU",2019,"2010","2010","2010"
"SAU",2020,"2010","2010","2010"
"SAU",2021,"2010","2010","2010"
"SAU",2022,"2010","2010","2010"
"SDN",2016,"1981/82. Reporting period switch from fiscal year to calendar year from 1996. Pre-1996 data converted to calendar year.","1981/82. Reporting period switch from fiscal year to calendar year from 1996. Pre-1996 data converted to calendar year.","1982"
"SDN",2017,"1981/82. Reporting period switch from fiscal year to calendar year from 1996. Pre-1996 data converted to calendar year.","1981/82. Reporting period switch from fiscal year to calendar year from 1996. Pre-1996 data converted to calendar year.","1982"
"SDN",2018,"1996","1996","1996"
"SDN",2019,"1996","1996","1996"
"SDN",2020,"1996","1996","1996"
"SDN",2021,"1996","1996","1996"
"SDN",2022,"1996","1996","1996"
"SEN",2016,"1999","1999","1999"
"SEN",2017,"1999","1999","1999"
"SEN",2018,"1999","1999","1999"
"SEN",2019,"2014","2014","2014"
"SEN",2020,"2014","2014","2014"
"SEN",2021,"2014","2014","2014"
"SEN",2022,"2014","2014","2014"
"SGP",2016,"2010","2010","2010"
"SGP",2017,"2010","2010","2010"
"SGP",2018,"2010","2010","2010"
"SGP",2019,"2015","2015","2015"
"SGP",2020,"2015","2015","2015"
"SGP",2021,"2015","2015","2015"
"SGP",2022,"Original chained constant price data are rescaled.","Original chained constant price data are rescaled.",NA
"SLB",2016,"2004","2004","2004"
"SLB",2017,"2004","2004","2004"
"SLB",2018,"2004","2004","2004"
"SLB",2019,"2004","2004","2004"
"SLB",2020,"2012","2012","2012"
"SLB",2021,"2012","2012","2012"
"SLB",2022,"2012","2012","2012"
"SLE",2016,"2006","2006","2006"
"SLE",2017,"2006","2006","2006"
"SLE",2018,"2006","2006","2006"
"SLE",2019,"2006","2006","2006"
"SLE",2020,"2006","2006","2006"
"SLE",2021,"2006","2006","2006"
"SLE",2022,"2006","2006","2006"
"SLV",2016,"1990","1990","1990"
"SLV",2017,"1990","1990","1990"
"SLV",2018,"2005","2005","2005"
"SLV",2019,"Original chained constant price data are rescaled.","Original chained constant price data are rescaled.",NA
"SLV",2020,"Original chained constant price data are rescaled.","Original chained constant price data are rescaled.",NA
"SLV",2021,"Original chained constant price data are rescaled.","Original chained constant price data are rescaled.",NA
"SLV",2022,"Original chained constant price data are rescaled.","Original chained constant price data are rescaled.",NA
"SMR",2016,"1990","1990","1990"
"SMR",2017,"1990","1990","1990"
"SMR",2018,"2007","2007","2007"
"SMR",2019,"2007","2007","2007"
"SMR",2020,"2007","2007","2007"
"SMR",2021,"2007","2007","2007"
"SMR",2022,"2007","2007","2007"
"SOM",2016,"1985","1985","1985"
"SOM",2017,"1985","1985","1985"
"SOM",2018,"1985","1985","1985"
"SOM",2019,NA,NA,NA
"SOM",2020,"2013","2013","2013"
"SOM",2021,"2013","2013","2013"
"SOM",2022,"2017","2017","2017"
"SRB",2016,"Original chained constant price data are rescaled.","Original chained constant price data are rescaled.",NA
"SRB",2017,"Original chained constant price data are rescaled.","Original chained constant price data are rescaled.",NA
"SRB",2018,"2010","2010","2010"
"SRB",2019,"Original chained constant price data are rescaled.","Original chained constant price data are rescaled.",NA
"SRB",2020,"Original chained constant price data are rescaled.","Original chained constant price data are rescaled.",NA
"SRB",2021,"Original chained constant price data are rescaled.","Original chained constant price data are rescaled.",NA
"SRB",2022,"Original chained constant price data are rescaled.","Original chained constant price data are rescaled.",NA
"SSD",2016,"2009","2009","2009"
"SSD",2017,"2009","2009","2009"
"SSD",2018,"2009","2009","2009"
"SSD",2019,"2009","2009","2009"
"SSD",2020,"2009","2009","2009"
"SSD",2021,"2009","2009","2009"
"SSD",2022,"2009","2009","2009"
"STP",2016,"2001","2001","2001"
"STP",2017,"2008","2008","2008"
"STP",2018,"2008","2008","2008"
"STP",2019,"2008","2008","2008"
"STP",2020,"2008","2008","2008"
"STP",2021,"2008","2008","2008"
"STP",2022,"2008","2008","2008"
"SUR",2016,"2007","2007","2007"
"SUR",2017,"2007","2007","2007"
"SUR",2018,"2007","2007","2007"
"SUR",2019,"2007","2007","2007"
"SUR",2020,"2007","2007","2007"
"SUR",2021,"2015","2015","2015"
"SUR",2022,"2015","2015","2015"
"SVK",2016,"Original chained constant price data are rescaled.","Original chained constant price data are rescaled.",NA
"SVK",2017,"Original chained constant price data are rescaled.","Original chained constant price data are rescaled.",NA
"SVK",2018,"Original chained constant price data are rescaled.","Original chained constant price data are rescaled.",NA
"SVK",2019,"Original chained constant price data are rescaled.","Original chained constant price data are rescaled.",NA
"SVK",2020,"Original chained constant price data are rescaled.","Original chained constant price data are rescaled.",NA
"SVK",2021,"Original chained constant price data are rescaled.","Original chained constant price data are rescaled.",NA
"SVK",2022,"Original chained constant price data are rescaled.","Original chained constant price data are rescaled.",NA
"SVN",2016,"Original chained constant price data are rescaled.","Original chained constant price data are rescaled.",NA
"SVN",2017,"Original chained constant price data are rescaled.","Original chained constant price data are rescaled.",NA
"SVN",2018,"Original chained constant price data are rescaled.","Original chained constant price data are rescaled.",NA
"SVN",2019,"Original chained constant price data are rescaled.","Original chained constant price data are rescaled.",NA
"SVN",2020,"Original chained constant price data are rescaled.","Original chained constant price data are rescaled.",NA
"SVN",2021,"Original chained constant price data are rescaled.","Original chained constant price data are rescaled.",NA
"SVN",2022,"Original chained constant price data are rescaled.","Original chained constant price data are rescaled.",NA
"SWE",2016,"Original chained constant price data are rescaled.","Original chained constant price data are rescaled.",NA
"SWE",2017,"Original chained constant price data are rescaled.","Original chained constant price data are rescaled.",NA
"SWE",2018,"Original chained constant price data are rescaled.","Original chained constant price data are rescaled.",NA
"SWE",2019,"Original chained constant price data are rescaled.","Original chained constant price data are rescaled.",NA
"SWE",2020,"Original chained constant price data are rescaled.","Original chained constant price data are rescaled.",NA
"SWE",2021,"Original chained constant price data are rescaled.","Original chained constant price data are rescaled.",NA
"SWE",2022,"Original chained constant price data are rescaled.","Original chained constant price data are rescaled.",NA
"SWZ",2016,"2011","2011","2011"
"SWZ",2017,"2011","2011","2011"
"SWZ",2018,"2011","2011","2011"
"SWZ",2019,"2011","2011","2011"
"SWZ",2020,"2011","2011","2011"
"SWZ",2021,"2011","2011","2011"
"SWZ",2022,"2011","2011","2011"
"SXM",2016,NA,NA,NA
"SXM",2017,NA,NA,NA
"SXM",2018,NA,NA,NA
"SXM",2019,"2011","2011","2011"
"SXM",2020,"2011","2011","2011"
"SXM",2021,"2011","2011","2011"
"SXM",2022,NA,NA,NA
"SYC",2016,"2006","2006","2006"
"SYC",2017,"2006","2006","2006"
"SYC",2018,"2006","2006","2006"
"SYC",2019,"2006","2006","2006"
"SYC",2020,"2006","2006","2006"
"SYC",2021,"2006","2006","2006"
"SYC",2022,"2014","2014","2014"
"SYR",2016,"2000","2000","2000"
"SYR",2017,"2000","2000","2000"
"SYR",2018,"2000","2000","2000"
"SYR",2019,"2000","2000","2000"
"SYR",2020,"2000","2000","2000"
"SYR",2021,"2000","2000","2000"
"SYR",2022,"2000","2000","2000"
"TCA",2016,NA,NA,NA
"TCA",2017,NA,NA,NA
"TCA",2018,NA,NA,NA
"TCA",2019,"2012","2012","2012"
"TCA",2020,"2012","2012","2012"
"TCA",2021,"2012","2012","2012"
"TCA",2022,"2012","2012","2012"
"TCD",2016,"2005","2005","2005"
"TCD",2017,"2005","2005","2005"
"TCD",2018,"2005","2005","2005"
"TCD",2019,"2005","2005","2005"
"TCD",2020,"2005","2005","2005"
"TCD",2021,"2005","2005","2005"
"TCD",2022,"2005","2005","2005"
"TGO",2016,"2000","2000","2000"
"TGO",2017,"2000","2000","2000"
"TGO",2018,"2000","2000","2000"
"TGO",2019,"2007","2007","2007"
"TGO",2020,"2007","2007","2007"
"TGO",2021,"2016","2016","2016"
"TGO",2022,"2016","2016","2016"
"THA",2016,"2002","2002","2002"
"THA",2017,"2002","2002","2002"
"THA",2018,"2002","2002","2002"
"THA",2019,"2002","2002","2002"
"THA",2020,"2002","2002","2002"
"THA",2021,"2002","2002","2002"
"THA",2022,"Original chained constant price data are rescaled.","Original chained constant price data are rescaled.",NA
"TJK",2016,"Original chained constant price data are rescaled.","Original chained constant price data are rescaled.",NA
"TJK",2017,"Original chained constant price data are rescaled.","Original chained constant price data are rescaled.",NA
"TJK",2018,"Original chained constant price data are rescaled.","Original chained constant price data are rescaled.",NA
"TJK",2019,"Original chained constant price data are rescaled.","Original chained constant price data are rescaled.",NA
"TJK",2020,"Original chained constant price data are rescaled.","Original chained constant price data are rescaled.",NA
"TJK",2021,"Original chained constant price data are rescaled.","Original chained constant price data are rescaled.",NA
"TJK",2022,"Original chained constant price data are rescaled.","Original chained constant price data are rescaled.",NA
"TKM",2016,"2005","2005","2005"
"TKM",2017,"2005","2005","2005"
"TKM",2018,"2005","2005","2005"
"TKM",2019,"Original chained constant price data are rescaled.","Original chained constant price data are rescaled.",NA
"TKM",2020,"Original chained constant price data are rescaled.","Original chained constant price data are rescaled.",NA
"TKM",2021,"Original chained constant price data are rescaled.","Original chained constant price data are rescaled.",NA
"TKM",2022,"Original chained constant price data are rescaled.","Original chained constant price data are rescaled.",NA
"TLS",2017,"2010","2010","2010"
"TLS",2018,"2015","2015","2015"
"TLS",2019,"2015","2015","2015"
"TLS",2020,"2015","2015","2015"
"TLS",2021,"2015","2015","2015"
"TLS",2022,"2015","2015","2015"
"TMP",2016,"2010","2010","2010"
"TON",2016,"2010/11","2010/11","2011"
"TON",2017,"2010/11","2010/11","2011"
"TON",2018,"2011","2011","2011"
"TON",2019,"2011","2011","2011"
"TON",2020,"2017","2017","2017"
"TON",2021,"2017","2017","2017"
"TON",2022,"2016/17","2016/17","2017"
"TTO",2016,"2000","2000","2000"
"TTO",2017,"2000","2000","2000"
"TTO",2018,"2012","2012","2012"
"TTO",2019,"2012","2012","2012"
"TTO",2020,"2012","2012","2012"
"TTO",2021,"2012","2012","2012"
"TTO",2022,"2012","2012","2012"
"TUN",2016,"2010","2010","2010"
"TUN",2017,"2010","2010","2010"
"TUN",2018,"2010","2010","2010"
"TUN",2019,"2010","2010","2010"
"TUN",2020,"2010","2010","2010"
"TUN",2021,"2010","2010","2010"
"TUN",2022,"2015","2015","2015"
"TUR",2016,"1998","1998","1998"
"TUR",2017,"2010","2010","2010"
"TUR",2018,"2009","2009","2009"
"TUR",2019,"Original chained constant price data are rescaled.","Original chained constant price data are rescaled.",NA
"TUR",2020,"Original chained constant price data are rescaled.","Original chained constant price data are rescaled.",NA
"TUR",2021,"Original chained constant price data are rescaled.","Original chained constant price data are rescaled.",NA
"TUR",2022,"Original chained constant price data are rescaled.","Original chained constant price data are rescaled.",NA
"TUV",2016,"2005","2005","2005"
"TUV",2017,"2005","2005","2005"
"TUV",2018,"2005","2005","2005"
"TUV",2019,"2005","2005","2005"
"TUV",2020,"2005","2005","2005"
"TUV",2021,"2005","2005","2005"
"TUV",2022,"2016","2016","2016"
"TWN",2019,"2011","2011","2011"
"TWN",2020,"Original chained constant price data are rescaled.","Original chained constant price data are rescaled.",NA
"TZA",2016,"2007","2007","2007"
"TZA",2017,"2007","2007","2007"
"TZA",2018,"2007","2007","2007"
"TZA",2019,"2015","2015","2015"
"TZA",2020,"2015","2015","2015"
"TZA",2021,"2015","2015","2015"
"TZA",2022,"2015","2015","2015"
"UGA",2016,"2009/10","2009/10","2010"
"UGA",2017,"2009/10","2009/10","2010"
"UGA",2018,"2009/10","2009/10","2010"
"UGA",2019,"2009/10","2009/10","2010"
"UGA",2020,"2016/2017","2016/2017","2020"
"UGA",2021,"2016/2017","2016/2017","2020"
"UGA",2022,"2016/2017","2016/2017","2020"
"UKR",2016,"Original chained constant price data are rescaled.","Original chained constant price data are rescaled.",NA
"UKR",2017,"2010","2010","2010"
"UKR",2018,"Original chained constant price data are rescaled.","Original chained constant price data are rescaled.",NA
"UKR",2019,"Original chained constant price data are rescaled.","Original chained constant price data are rescaled.",NA
"UKR",2020,"Original chained constant price data are rescaled.","Original chained constant price data are rescaled.",NA
"UKR",2021,"Original chained constant price data are rescaled.","Original chained constant price data are rescaled.",NA
"UKR",2022,"Original chained constant price data are rescaled.","Original chained constant price data are rescaled.",NA
"URY",2016,"2005","2005","2005"
"URY",2017,"2005","2005","2005"
"URY",2018,"2005","2005","2005"
"URY",2019,"2005","2005","2005"
"URY",2020,"2005","2005","2005"
"URY",2021,"2016","2016","2016"
"URY",2022,"2016","2016","2016"
"USA",2016,"Original chained constant price data are rescaled.","Original chained constant price data are rescaled.",NA
"USA",2017,"Original chained constant price data are rescaled.","Original chained constant price data are rescaled.",NA
"USA",2018,"Original chained constant price data are rescaled.","Original chained constant price data are rescaled.",NA
"USA",2019,"Original chained constant price data are rescaled.","Original chained constant price data are rescaled.",NA
"USA",2020,"Original chained constant price data are rescaled.","Original chained constant price data are rescaled.",NA
"USA",2021,"Original chained constant price data are rescaled.","Original chained constant price data are rescaled.",NA
"USA",2022,"Original chained constant price data are rescaled.","Original chained constant price data are rescaled.",NA
"UZB",2016,"Original chained constant price data are rescaled.","Original chained constant price data are rescaled.",NA
"UZB",2017,"Original chained constant price data are rescaled.","Original chained constant price data are rescaled.",NA
"UZB",2018,"Original chained constant price data are rescaled.","Original chained constant price data are rescaled.",NA
"UZB",2019,"Original chained constant price data are rescaled.","Original chained constant price data are rescaled.",NA
"UZB",2020,"Original chained constant price data are rescaled.","Original chained constant price data are rescaled.",NA
"UZB",2021,"Original chained constant price data are rescaled.","Original chained constant price data are rescaled.",NA
"UZB",2022,"Original chained constant price data are rescaled.","Original chained constant price data are rescaled.",NA
"VCT",2016,"2006","2006","2006"
"VCT",2017,"2006","2006","2006"
"VCT",2018,"2006","2006","2006"
"VCT",2019,"2006","2006","2006"
"VCT",2020,"2006","2006","2006"
"VCT",2021,"2006","2006","2006"
"VCT",2022,"2018","2018","2018"
"VEN",2016,"1997","1997","1997"
"VEN",2017,"1997","1997","1997"
"VEN",2018,"1997","1997","1997"
"VEN",2019,"1997","1997","1997"
"VEN",2020,"1997","1997","1997"
"VGB",2016,NA,NA,NA
"VGB",2017,NA,NA,NA
"VGB",2018,NA,NA,NA
"VGB",2019,NA,NA,NA
"VGB",2020,NA,NA,NA
"VGB",2021,NA,NA,NA
"VGB",2022,NA,NA,NA
"VIR",2016,"1982","1982","1982"
"VIR",2017,"1982","1982","1982"
"VIR",2018,"1982","1982","1982"
"VIR",2019,"2002","2002","2002"
"VIR",2020,"2002","2002","2002"
"VIR",2021,NA,NA,NA
"VIR",2022,NA,NA,NA
"VNM",2016,"2010","2010","2010"
"VNM",2017,"2010","2010","2010"
"VNM",2018,"2010","2010","2010"
"VNM",2019,"2010","2010","2010"
"VNM",2020,"2010","2010","2010"
"VNM",2021,"2010","2010","2010"
"VNM",2022,"2010","2010","2010"
"VUT",2016,"2006","2006","2006"
"VUT",2017,"2006","2006","2006"
"VUT",2018,"2006","2006","2006"
"VUT",2019,"2006","2006","2006"
"VUT",2020,"2006","2006","2006"
"VUT",2021,"2006","2006","2006"
"VUT",2022,"2006","2006","2006"
"WBG",2016,"2004","2004","2004"
"WSM",2016,"2008/09","2008/09","2009"
"WSM",2017,"2008/09","2008/09","2009"
"WSM",2018,"2008/09","2008/09","2009"
"WSM",2019,"2009","2009","2009"
"WSM",2020,"2009","2009","2009"
"WSM",2021,"2009","2009","2009"
"WSM",2022,"2013","2013","2013"
"XKX",2017,"2008","2008","2008"
"XKX",2018,"2008","2008","2008"
"XKX",2019,"Original chained constant price data are rescaled.","Original chained constant price data are rescaled.",NA
"XKX",2020,"Original chained constant price data are rescaled.","Original chained constant price data are rescaled.",NA
"XKX",2021,"Original chained constant price data are rescaled.","Original chained constant price data are rescaled.",NA
"XKX",2022,"Original chained constant price data are rescaled.","Original chained constant price data are rescaled.",NA
"YEM",2016,"2007","2007","2007"
"YEM",2017,"1990","1990","1990"
"YEM",2018,"1990","1990","1990"
"YEM",2019,"1990","1990","1990"
"YEM",2020,"1990","1990","1990"
"YEM",2021,"1990","1990","1990"
"YEM",2022,"1990","1990","1990"
"ZAF",2016,"2010","2010","2010"
"ZAF",2017,"2010","2010","2010"
"ZAF",2018,"2010","2010","2010"
"ZAF",2019,"2010","2010","2010"
"ZAF",2020,"2010","2010","2010"
"ZAF",2021,"2010","2010","2010"
"ZAF",2022,"2015","2015","2015"
"ZAR",2016,"2005","2005","2005"
"ZMB",2016,"2010","2010","2010"
"ZMB",2017,"2010","2010","2010"
"ZMB",2018,"2010","2010","2010"
"ZMB",2019,"2010","2010","2010"
"ZMB",2020,"2010","2010","2010"
"ZMB",2021,"2010","2010","2010"
"ZMB",2022,"2010","2010","2010"
"ZWE",2016,"2009","2009","2009"
"ZWE",2017,"2009","2009","2009"
"ZWE",2018,"2009","2009","2009"
"ZWE",2019,"2012","2012","2012"
"ZWE",2020,"2012","2012","2012"
"ZWE",2021,"2012","2012","2012"
"ZWE",2022,"2012","2012","2012"
